time(h),Mean_20mM(µM),StDev_20mM(µM),StdErr_20mM(µM),Mean_10mM(µM),StDev_10mM(µM),StdErr_10mM(µM),Mean_5mM(µM),StDev_5mM(µM),StdErr_5mM(µM),Mean_1mM(µM),StDev_1mM(µM),StdErr_1mM(µM),Mean_0.5mM(µM),StDev_0.5mM(µM),StdErr_0.5mM(µM),Mean_0.1mM(µM),StDev_0.1mM(µM),StdErr_0.1mM(µM),Mean_0.01mM(µM),StDev_0.01mM(µM),StdErr_0.01mM(µM),Mean_0.001mM(µM),StDev_0.001mM(µM),StdErr_0.001mM(µM),Mean_0.0001mM(µM),StDev_0.0001mM(µM),StdErr_0.0001mM(µM),Mean_0mM(µM),StDev_0mM(µM),StdErr_0mM(µM),Mean_no_GntR(µM),StDev_no_GntR(µM),StdErr_no_GntR(µM)
0.0,0.0053154778552513176,0.0007063072982209911,0.0004077867087584865,0.007282922791449167,0.0006581147143713815,0.00032905735718569075,0.0063651331996968305,0.0012588127494823538,0.0005629581757571913,0.007362477073925814,0.001679006627461324,0.000839503313730662,0.0051678988964540575,0.0008601621116186702,0.0004966148266897562,0.006910351803949833,0.0012404609256318844,0.0006202304628159422,0.00840014162796905,0.0014220241700675968,0.0008210060373826813,0.0041440698697980645,0.0008673730028474657,0.0005007780366817983,0.00451762910925363,0.0014167984595214323,0.0008179889719921461,0.007339747278932487,0.002107807906331138,0.001053903953165569,0.0065165333993915196,0.0009319119881273419,0.00046595599406367094
0.08333333333333333,0.004769303940773958,0.0005379141730679817,0.0003105648926217142,0.007540115363058454,0.0004931145376718798,0.0002465572688359399,0.006909660027580472,0.0009733991810435977,0.00043531734761122177,0.008174573118959177,0.001540492055334177,0.0007702460276670885,0.005186016848984972,0.0007099325363307186,0.00040987974095701415,0.006004865949052581,0.0008141518376827138,0.0004070759188413569,0.007831567335817106,0.0013816972279352363,0.0007977232664869684,0.0043265670643821775,0.0005376526617732496,0.0003104139090053045,0.004067645051849484,0.0002013804346494884,0.00011626704815440598,0.008115030938596219,0.0029528419969477157,0.0014764209984738578,0.005945323768689625,0.0007661105259867715,0.00038305526299338573
0.16666666666666666,0.005251241478096261,0.0005191609627658517,0.0002997377216056098,0.007196697808267955,0.0009317577013119848,0.0004658788506559924,0.007166407885809456,0.001243456728587332,0.000556090754440156,0.008282539645177483,0.0008993052981943993,0.00044965264909719964,0.005306913004963977,0.0009726131548910665,0.0005615384667937284,0.0064938036043981915,0.0008652930817651532,0.0004326465408825766,0.00820249123672272,0.0010405664277831062,0.0006007713071902636,0.0037392159850618313,0.0003094038904530245,0.00017863441944137117,0.0038581356371283734,0.0017840838418059842,0.0010300412863235467,0.007972475593909803,0.0011614171926949842,0.0005807085963474921,0.005520622490499072,0.0013613266353326632,0.0006806633176663316
0.25,0.006360389590306918,0.0002054114438350521,0.00011859435239279703,0.008235844740245538,0.0005380584190097701,0.00026902920950488507,0.007940406817930087,0.0008530971318076027,0.00038151663562637953,0.008481672414358161,0.0005926527014304772,0.0002963263507152386,0.006892398560078293,0.0007472415645294642,0.0004314201184307633,0.007719236030125442,0.0014972435697618977,0.0007486217848809488,0.008329975739076604,0.0014016454524743201,0.0008092403792944636,0.004969260253251495,0.0005821637293299828,0.000336112385841102,0.005508845821353977,0.001235737976460665,0.0007134536533574084,0.009886966696119572,0.0013163660732735695,0.0006581830366367848,0.008736888482054986,0.0017549635929215936,0.0008774817964607968
0.3333333333333333,0.007758107273737221,0.0007036092517916456,0.0004062289909262178,0.01218638193528157,0.0032505537690416097,0.0016252768845208048,0.012794305126157474,0.0019717656920903307,0.0008818004246431797,0.01329693007109689,0.0026313062795294416,0.0013156531397647208,0.008670922663976524,0.0011230769335874569,0.0006484087699273778,0.009947003002460646,0.0014024859555721374,0.0007012429777860687,0.010276173258215471,0.00321669899005292,0.0018571620278090507,0.008324046227339212,0.0016479103592618334,0.0009514214895201925,0.0073585240661008895,0.002454481854489691,0.001417095759410675,0.014396360372404604,0.0011218691167930435,0.0005609345583965218,0.014038860227237805,0.0044958287477757574,0.0022479143738878787
0.4166666666666667,0.009738564194025454,0.0006605045610968054,0.00038134248615021623,0.018852882569031247,0.00656495677826837,0.003282478389134185,0.020164292914950647,0.0052335783986402215,0.0023405274129868056,0.018080069539258094,0.004659804467094521,0.0023299022335472605,0.013380931487376582,0.0008599495733096997,0.000496492117639859,0.01520919760640514,0.0015095582327935132,0.0007547791163967566,0.013499521722124382,0.0028536192352472617,0.0016475378336347007,0.012820922045511976,0.0008444399487771278,0.0004875376317409486,0.012842334171230332,0.004893167170118739,0.0028250713828578936,0.01993551258708302,0.002298847320573035,0.0011494236602865174,0.021657541620816675,0.00552045539289651,0.002760227696448255
0.5,0.013351283928689632,0.0010099528853580741,0.0005830965702303234,0.027977412880918096,0.010800398811230103,0.005400199405615052,0.029639652671299737,0.00907335159204442,0.004057726188713453,0.02688292383939154,0.007954003543644401,0.003977001771822201,0.02127706461766749,0.0022513281899600784,0.0012998049365076443,0.02201331232506007,0.004391639435414763,0.0021958197177073817,0.01922808889508053,0.005226669552156611,0.0030176190729028405,0.018654902760466167,0.0021174513742620803,0.001222511120926155,0.018361721346784113,0.00440597480229454,0.002543790738147461,0.027100339269762505,0.0027424347909947152,0.0013712173954973576,0.03340538675052045,0.009834096408202991,0.0049170482041014955
0.5833333333333334,0.01805865741353974,0.002262305664458269,0.0013061427843641968,0.03765981142209771,0.015053313347469392,0.007526656673734696,0.04085433587061654,0.015507579980301127,0.006935200600493634,0.03668144198542838,0.00956099718746187,0.004780498593730935,0.030336040883124304,0.003144603645264744,0.0018155377610882787,0.030460395920950123,0.00651121996589649,0.003255609982948245,0.024070523480615627,0.005478788391826562,0.0031631799528540625,0.025440899526590188,0.0025312629120475016,0.001461425323660341,0.024133112771176968,0.008875784560698256,0.0051244366053882625,0.037437454731945596,0.0057894437742411,0.00289472188712055,0.0422675361680278,0.010167843221269493,0.005083921610634747
0.6666666666666666,0.022176373897838293,0.00259632052299425,0.0014989863528532803,0.05129768841809452,0.02072567910970067,0.010362839554850335,0.05181997957696295,0.012132660636535831,0.005425890786245997,0.04691726162209773,0.01119524600239489,0.005597623001197445,0.03959925588620234,0.005118076641276411,0.002954922926574072,0.039018657861916245,0.009966367456204274,0.004983183728102137,0.03089605032498891,0.008137583296553997,0.004698235906818453,0.0351949463345966,0.0027784881404588156,0.00160416087583408,0.03472717374198028,0.010129505419220784,0.005848272680544893,0.046032776121270394,0.008112647728825303,0.004056323864412651,0.05732849598099819,0.014407592826764657,0.0072037964133823285
0.75,0.028320006892411737,0.0027308199010486474,0.0015766396049788239,0.06294176709239398,0.026326802114428168,0.013163401057214084,0.06649156811917808,0.01566095693514351,0.007003792859935531,0.060162308465492455,0.012533555516240386,0.006266777758120193,0.050203199376567975,0.007583621690484256,0.004378406024433371,0.050544146301467904,0.015728878759531478,0.007864439379765739,0.038103701259105095,0.008223594424814767,0.004747894454873112,0.044909463064353755,0.0023144796112905017,0.0013362654266124716,0.044784284483231074,0.013198075584309358,0.0076199124913860355,0.05745449810541773,0.008151999975396495,0.004075999987698247,0.07223380611086208,0.019248361682895197,0.009624180841447599
0.8333333333333334,0.03551118696059074,0.00313558397335019,0.0018103302510804086,0.07869944453450768,0.033004740701657195,0.016502370350828598,0.08127581738440359,0.019738645551499182,0.008827390647385198,0.07221898233151862,0.014702034898483157,0.0073510174492415785,0.06589664044152661,0.01428415904224625,0.0082469630681883,0.06327283149773158,0.016438137764058048,0.008219068882029024,0.04436921866161378,0.01085837236674998,0.006269084208904294,0.056696014729009925,0.008086057229985222,0.0046684873184146885,0.05467009821873505,0.016538398702024067,0.009548448942578953,0.06849080182663471,0.008316778763527054,0.004158389381763527,0.08898467676898861,0.021279143647348255,0.010639571823674128
0.9166666666666666,0.039727728640512446,0.001462212197650315,0.0008442086059257637,0.09419523520822001,0.03752124328008923,0.018760621640044616,0.09749896149790242,0.0224393116794629,0.010035165256716803,0.08623486570077403,0.0191353362787655,0.00956766813938275,0.08405741722387695,0.025288431683367328,0.014600282839775588,0.0755370382745664,0.01978748193802182,0.00989374096901091,0.053668669569753635,0.012297604725142842,0.007100025398448834,0.06443402754630377,0.007440421590138474,0.004295729407950751,0.06146268333123395,0.01886105288477808,0.010889433960226394,0.0815159626097679,0.015171015182145215,0.0075855075910726075,0.10443105484488935,0.027113087452961832,0.013556543726480916
1.0,0.04599324604302113,0.009380963150146169,0.00541610159999485,0.11169964798297319,0.04331930832187803,0.021659654160939016,0.11004580833421947,0.024203339167274344,0.010824062332101717,0.10292149998174552,0.02122482003821547,0.010612410019107735,0.1039476349296327,0.03582789175426672,0.020685242948822666,0.0876604191476382,0.01978368255814002,0.00989184127907001,0.06182174820866478,0.011345306060285911,0.006550215507944763,0.07814437635242424,0.008012677954592592,0.0046261217740138135,0.0769024730607598,0.02420994287141229,0.013977617033875348,0.09423229465657869,0.014925151034024114,0.007462575517012057,0.12168840463058458,0.028389015768407463,0.014194507884203731
1.0833333333333333,0.058016978177172905,0.008035007027237908,0.004639013470116342,0.12789709754560993,0.05047059817330676,0.02523529908665338,0.12552183396880717,0.02780110981110778,0.012433034277514667,0.12024555677448637,0.020996633262346538,0.010498316631173269,0.11887023946873065,0.04213507954715241,0.024326699518874742,0.09969732797453973,0.027180364551562978,0.013590182275781489,0.06750419695699678,0.012454015038628873,0.007190328935044028,0.09131448075580474,0.0049329118830651044,0.002848018003576342,0.08881420330653866,0.02700851012096485,0.015593370588749789,0.10713145331529234,0.017749996476284457,0.008874998238142228,0.14104826045316265,0.033695901731876005,0.016847950865938002
1.1666666666666667,0.06169656962754209,0.00822519556248947,0.004748818872140611,0.1462662307820658,0.058535647200568454,0.029267823600284227,0.14414840683986135,0.032534369915947596,0.014549812547436588,0.13225281804270095,0.01938475378381191,0.009692376891905954,0.1401505982595856,0.05158463010663996,0.029782400078115855,0.11592689572575406,0.028174725880256303,0.014087362940128152,0.07528503402572734,0.012233062379879771,0.00706276185803707,0.10481070830474166,0.01226144052734533,0.007079145989115414,0.10215889888885342,0.030206259052783367,0.017439591795336048,0.11861494104670416,0.01974285276921757,0.009871426384608785,0.1621721460176143,0.04713654503163124,0.02356827251581562
1.25,0.0716186192681079,0.008860156916696272,0.005115413980916917,0.1640868841828131,0.06249591833456697,0.031247959167283484,0.16150013468737673,0.036004081746799095,0.01610151485066043,0.1464095273157194,0.023621426955218457,0.011810713477609229,0.15933915707641685,0.05558021898628703,0.03208925439335117,0.13217869914598357,0.03643032368414439,0.018215161842072194,0.08975304266495872,0.01622940809410559,0.009370053131920153,0.11525653148211025,0.015328298631256867,0.008849797340975124,0.11348426630726816,0.029748900918384027,0.017175535953324526,0.1321539928470778,0.02205999959167711,0.011029999795838555,0.1785524221921539,0.042288976359964085,0.021144488179982043
1.3333333333333333,0.08023947049963535,0.010457635941608963,0.006037718925975041,0.18803222908230602,0.07048333381897928,0.03524166690948964,0.1809686982251403,0.038291313830499434,0.01712439613455492,0.16427218142460653,0.028062687069797854,0.014031343534898927,0.17383351910114775,0.060068568369259834,0.034680604117827606,0.14828720603255952,0.042015200001744746,0.021007600000872373,0.0973428176888178,0.01811233988780152,0.010457164309876204,0.1295927731938441,0.013036438069412844,0.007526591028649391,0.12611412630790866,0.036663355545406784,0.021167598193535565,0.1415670927301843,0.024271395616052016,0.012135697808026008,0.2000469022401924,0.045791617093056965,0.022895808546528482
1.4166666666666667,0.09214131822585188,0.011914820409811974,0.006879024770950991,0.20520063619194043,0.07987069836778898,0.03993534918389449,0.1978480416375769,0.04362553163278981,0.01950993085709708,0.1820113040389647,0.03181868210468362,0.01590934105234181,0.1987374683981854,0.07224703101345818,0.041711842803771326,0.16481572000053393,0.0454131165995051,0.02270655829975255,0.10943902163309326,0.020416596593469668,0.01178752753917571,0.14586598873979198,0.016188037632403837,0.009346167884720147,0.1460965808629127,0.03892286922324444,0.02247212902367278,0.15446378075900738,0.027538854399737214,0.013769427199868607,0.2221590397608756,0.0547247736848418,0.0273623868424209
1.5,0.10048216473644704,0.016674380032076056,0.009626957800089233,0.22591439719455586,0.08855822038530954,0.04427911019265477,0.21615046786698716,0.04650932519097607,0.020799602542933178,0.19787274793648274,0.025708911344624292,0.012854455672312146,0.2073352604174008,0.07065835624641473,0.04079462099936402,0.17902184187136394,0.04494076902825995,0.022470384514129974,0.11684432295845577,0.024370448197231734,0.014070284826943572,0.1532119949477806,0.01783851812170708,0.0102990732395116,0.15107078237594537,0.03638087314079521,0.021004506901191742,0.16392629323992544,0.02900048055360756,0.01450024027680378,0.24268997415158822,0.054955598943706774,0.027477799471853387
1.5833333333333333,0.10993644178439653,0.015690118535436393,0.00905869416005134,0.2502995142145719,0.09536467094267435,0.04768233547133718,0.23229850483181239,0.04899869403929656,0.021912882136116172,0.21766249336002155,0.03045500079704342,0.01522750039852171,0.2314815498813275,0.07417292342824035,0.04282375730787607,0.19545153064371518,0.05659163512493413,0.028295817562467063,0.13255752906253904,0.0282301801186882,0.016298702090796254,0.1687604923924919,0.023280064319313735,0.013440751401507587,0.17126406401494546,0.04441431227211316,0.025642615146176634,0.17751475763811067,0.03304530667675965,0.016522653338379826,0.2622079502871633,0.06282735545276531,0.031413677726382656
1.6666666666666667,0.12086321424713119,0.016571721214596196,0.009567687704182546,0.27463521863677637,0.10502600104198598,0.05251300052099299,0.25010680508310673,0.0551483287899199,0.024663082403953922,0.2492371433616229,0.034044765920786084,0.017022382960393042,0.243307631624233,0.07693343128128281,0.04441753725993021,0.20948470842220465,0.061337064670347614,0.030668532335173807,0.14036471951676913,0.029431054726247453,0.016992027368733575,0.17356998524615266,0.01894696622982269,0.01093903605311488,0.1808171662585181,0.04825770337638661,0.02786159803482992,0.18860788584681099,0.031636876395950544,0.015818438197975272,0.2888660468065122,0.06367518329950533,0.03183759164975267
1.75,0.13456697470687676,0.016800380143105403,0.009699703998109948,0.29089196331678707,0.10908085861304709,0.054540429306523544,0.27398297234566354,0.06202277465497839,0.027737428056336545,0.2671245037694158,0.035127225450127995,0.017563612725063998,0.2666303777913,0.08682247614539794,0.050126979974255366,0.22695206174859914,0.06908013128234224,0.03454006564117112,0.15482613980962565,0.03410433493784392,0.019690146956897348,0.19376326688515277,0.02000870598032292,0.011552031783875514,0.19886923532568299,0.050732021096504196,0.029290146036600472,0.19732920936055534,0.03734218480395168,0.01867109240197584,0.30603692454603715,0.06411845788626064,0.03205922894313032
1.8333333333333333,0.14560245488479687,0.019202712886066627,0.011086691453941663,0.3157959126138247,0.12358259635037433,0.061791298175187165,0.28815450539802534,0.05997172614700703,0.02682017127854185,0.29029901214304804,0.03493714108775523,0.017468570543877616,0.27476698556427387,0.088887005412367,0.051318936502289816,0.2420229040811318,0.07197193230441079,0.035985966152205395,0.16895814278373825,0.030905647736795303,0.017843384040318516,0.20726937695365202,0.02695271888137947,0.015561159501556747,0.20871881315612514,0.05218372726589018,0.03012828898427971,0.20953412102001626,0.03399513711005759,0.016997568555028795,0.33168206281024853,0.07460651587432963,0.03730325793716482
1.9166666666666667,0.15680264372208894,0.0207312397783379,0.011969186866658064,0.3352644761515883,0.13101320205913436,0.06550660102956718,0.31679404708961867,0.06298226711704014,0.028166526130150287,0.302973343481719,0.04006679230949484,0.02003339615474742,0.29733207189822997,0.09550289855207585,0.05513862418743051,0.2536595708657595,0.08255192913976714,0.04127596456988357,0.18019127335290475,0.03517043252823735,0.020305658687693406,0.2159001107047418,0.026392495374090767,0.015237714308817258,0.22390495155021817,0.049049597178377286,0.028318798134578837,0.2204295988374702,0.03805223488051793,0.019026117440258963,0.35811780263944526,0.07979902013310647,0.039899510066553234
2.0,0.1705393459137089,0.024218894797024233,0.013982785430537168,0.36179904117640815,0.13903509752185664,0.06951754876092832,0.33596613504051276,0.07355485021670902,0.0328947290318753,0.3214536550632509,0.03813050999195915,0.019065254995979573,0.3169982858272399,0.10563698469141182,0.06098954154796699,0.26882923839391537,0.08487733834872745,0.04243866917436372,0.19152322911769437,0.03182401473650424,0.01837360347481534,0.2354674994381285,0.026805563890241215,0.015476199527810479,0.23826754664745153,0.04954376240986924,0.02860410456400487,0.22732265623218598,0.034109286373162656,0.017054643186581328,0.3785993244323463,0.08467556679621291,0.042337783398106454
2.0833333333333335,0.17304291753616244,0.012798149003346812,0.007389014772211223,0.38914891406511914,0.15181470186897564,0.07590735093448782,0.35875522515121466,0.07834069047423296,0.03503502186093103,0.343343435893782,0.040361704906438284,0.020180852453219142,0.3290879014251405,0.11127949606237329,0.06424724700689713,0.27918117763544203,0.08517635008222207,0.04258817504111104,0.19982454555004026,0.037058657748688745,0.02139582602701166,0.2466347465435462,0.021803743881506396,0.012588397399329375,0.24844654179663758,0.04903731699752052,0.028311708168855487,0.24281350564611714,0.04221976137174619,0.021109880685873095,0.4020703083928481,0.09185497584804281,0.045927487924021404
2.1666666666666665,0.1827936701709814,0.011584207202787081,0.0066881451468775235,0.411433995678143,0.15313765527309636,0.07656882763654818,0.3821372664356556,0.08150704691781134,0.03645105951069817,0.3625896427413935,0.03695542610736078,0.01847771305368039,0.3483258728397833,0.12182274232979437,0.0703343930775252,0.2930661176204967,0.09489073286702844,0.04744536643351422,0.2095752981848592,0.041202561674607716,0.023788310074136922,0.2537501606284141,0.03272178685630801,0.01889193244985499,0.2642915148282184,0.0580783940082759,0.03353157641477924,0.2512877661708036,0.0397376734224389,0.01986883671121945,0.4243553900058718,0.10036644571201869,0.050183222856009346
2.25,0.19989042901378903,0.01605029897180392,0.009266644431944967,0.43305200722071036,0.16397100361976075,0.08198550180988037,0.4067447401458238,0.0951958646476598,0.042572884905807275,0.38615945189751844,0.04339784065182012,0.02169892032591006,0.3709568426374881,0.1318247110962399,0.07610903243725875,0.3050486725898055,0.09987120528459735,0.049935602642298675,0.22206021456525246,0.04717140982996602,0.02723442616338504,0.26580683449444026,0.03293375901044151,0.01901431463010467,0.27878587685294937,0.05784921723445148,0.033399261142719704,0.25743963459834557,0.04079633669614109,0.020398168348070546,0.45798066281665384,0.11278076273554885,0.056390381367774425
2.3333333333333335,0.211420035169825,0.015465537943574454,0.008929032494885083,0.4581041943111827,0.17711898643934249,0.08855949321967124,0.4311743285038703,0.09566143663274865,0.04278109502722291,0.4036268052239129,0.04067041035235668,0.02033520517617834,0.3851547290753496,0.13700381535988,0.0790991896780325,0.3186371369879907,0.11045039096472009,0.055225195482360045,0.23398512150378106,0.044599114791239576,0.02574931093034119,0.28376007836598194,0.03678267054673172,0.02123648474166888,0.29384024831954486,0.06315265079469787,0.03646119993635725,0.2680139305300243,0.041139224842588064,0.020569612421294032,0.4706797004542306,0.11607913905164663,0.058039569525823315
2.4166666666666665,0.22756148378827526,0.01786696494608492,0.010315497021223738,0.4870352703298644,0.18774519903509743,0.09387259951754871,0.4504847717286367,0.0924239520484687,0.04133324790591139,0.4308037340202833,0.0522202641889316,0.0261101320944658,0.40238325484565474,0.13769418924898924,0.07949777722875122,0.3364256722001605,0.11506041088876164,0.05753020544438082,0.24423000011671583,0.04127562197292437,0.02383049145703712,0.29426849083391193,0.028235887826844528,0.016301997437636766,0.3013839049187798,0.05983001186114922,0.034542873453653006,0.2771799674240729,0.042637880314332355,0.021318940157166177,0.4990672378969848,0.12607593103754397,0.06303796551877199
2.5,0.2378393041330845,0.025655434455499893,0.014812171989059663,0.5152498636802781,0.19208127608441466,0.09604063804220733,0.4735110423088341,0.09955299692247396,0.04452145369649583,0.4537805920026693,0.05242105316881382,0.02621052658440691,0.41411051139293703,0.15670143634401912,0.09047161645562045,0.349742367310382,0.1200103325900886,0.0600051662950443,0.2460417953698072,0.04721779872740378,0.027261208805808144,0.30125213799128225,0.027515733892977214,0.015886216370060505,0.3208524684565433,0.06407366698604004,0.03699294888235666,0.2810588563522821,0.042646783897488987,0.021323391948744493,0.5261453414977321,0.13749453492224437,0.06874726746112218
2.5833333333333335,0.25727492593897366,0.019872057091383708,0.011473137511061996,0.5407961767488664,0.20183420423753717,0.10091710211876859,0.5070918437815858,0.11093968741270936,0.049613736491479175,0.46227955882626154,0.050081815061624714,0.025040907530812357,0.42290595380339874,0.15915442101113475,0.09188784781349768,0.36130491519829233,0.12394628561696101,0.06197314280848051,0.2591855463876882,0.054653936993478494,0.03155446523545766,0.3136052874441779,0.04239708393026179,0.024477967819991803,0.3229607392965042,0.06900398075389166,0.03983946686341511,0.29479555854390216,0.03769400762908488,0.01884700381454244,0.5551011238153194,0.1384350874913921,0.06921754374569605
2.6666666666666665,0.27447050997740446,0.019477424017877262,0.01124529599984192,0.5649589370787302,0.2137522559988216,0.1068761279994108,0.5322725036263684,0.11074859117061321,0.04952827565396483,0.490049438796371,0.06018080494246392,0.03009040247123196,0.4413862653849306,0.1737891385446285,0.10033720592097443,0.3700756513098483,0.13592735071820217,0.06796367535910108,0.26705862030566707,0.05082049852454139,0.02934122850349495,0.32572784477395283,0.03951735245694274,0.02281535407867721,0.33673038321999854,0.06354524117383457,0.036687862097433084,0.301194489960502,0.04437976639279956,0.02218988319639978,0.5812650943565525,0.15891618709786484,0.07945809354893242
2.75,0.2843200878078466,0.018579925259325086,0.010727124849994467,0.5899370052724853,0.22209851866946131,0.11104925933473066,0.5534803906070996,0.12476142974513978,0.055795007576039356,0.5090732889538302,0.06269524075425321,0.03134762037712661,0.4494899314260301,0.18171119441199127,0.10491100700853158,0.3832935212244466,0.143256986759058,0.071628493379529,0.2780611587517128,0.049051289610865564,0.02831977526093153,0.335149180090028,0.04455452959589129,0.025723569655804985,0.3488199988178991,0.06869434058739188,0.039660696029934536,0.31016287646330426,0.03881792798423915,0.019408963992119575,0.6015489657582073,0.16591234642317926,0.08295617321158963
2.8333333333333335,0.30434866078747475,0.03603656839988201,0.02080572246634224,0.6173362907590079,0.2394961875198242,0.1197480937599121,0.579471417055992,0.12961943700883308,0.05796757447140055,0.530419531208434,0.06996150908440828,0.03498075454220414,0.4620407312701722,0.18337366786926135,0.10587083650660707,0.39769729348652294,0.14497397680488563,0.07248698840244282,0.28376007836598194,0.04456943280472153,0.025732174027434915,0.3487541153541504,0.043930773002879286,0.025363443618920702,0.3641049624076153,0.07467447407879109,0.04311332771098377,0.3143876535761946,0.0414434252043386,0.0207217126021693,0.6307023984670409,0.17884115079803392,0.08942057539901696
2.9166666666666665,0.3168335771678679,0.03329162547400571,0.0192209289291774,0.6442414502674146,0.24984582215358972,0.12492291107679486,0.6019837966189492,0.1324656475824372,0.05924043853557205,0.5550022986196963,0.06838041814251393,0.034190209071256965,0.46773965088444136,0.19582725584080898,0.11306091887435679,0.4091116035809986,0.15287663384128466,0.07643831692064233,0.3036898261499869,0.054074994231069956,0.0312202124757357,0.3514882790997245,0.03908937306002016,0.022568260058656347,0.374251015824927,0.07932893650653167,0.04580058284657279,0.3209348227862293,0.03856112193917099,0.019280560969585494,0.6546922147045643,0.193787538330591,0.0968937691652955
3.0,0.33162441477946836,0.026017566689834952,0.015021249132035251,0.6633394193215914,0.25083431551962676,0.12541715775981338,0.6288444847893253,0.13127191824819764,0.05870658654795301,0.5804744927915672,0.07177487272262091,0.035887436361310456,0.4829587310104088,0.20858744941589105,0.12042802006984216,0.42084709556124944,0.157498230289605,0.0787491151448025,0.3071487079967978,0.056201828798879576,0.032448140985982386,0.3611072648070461,0.04321769418523526,0.024951747371600504,0.3833099920903838,0.06920800725238846,0.03995726161724405,0.32891495733279996,0.038296038446561154,0.019148019223280577,0.6884904316076869,0.2020629191731884,0.1010314595865942
3.0833333333333335,0.3486552901585272,0.031232045392881703,0.018031829814922865,0.6926410898238597,0.26767744367876023,0.13383872183938011,0.655151751864212,0.14552394445210465,0.06508028642976188,0.5949523839503609,0.07155505492778996,0.03577752746389498,0.4931706678914692,0.20958865412479077,0.12100606587803933,0.43413908437256515,0.1605238392299277,0.08026191961496384,0.31769006219660206,0.059233923982167015,0.03419872195626196,0.37494279219428917,0.04868552826471806,0.028108602849274106,0.40063734305631216,0.07467661022909056,0.0431145610179342,0.33504211946143614,0.033148586498734235,0.016574293249367118,0.7148026399423546,0.2238516554009583,0.11192582770047915
3.1666666666666665,0.3696391733625126,0.029508272292502913,0.017036608951397334,0.7334311893173212,0.28577971203235697,0.14288985601617848,0.6790279191267687,0.14608454939338397,0.06533099658120645,0.6128644506570595,0.07464129050928131,0.037320645254640655,0.5136274833854645,0.22668187087572594,0.13087483917050838,0.4392285819471582,0.17332246129762802,0.08666123064881401,0.327440814831421,0.05141573328154166,0.02968488745068008,0.3857806219809629,0.04909616754481735,0.028345685548179265,0.40356915719313263,0.07250303814681687,0.04185964859113043,0.348679996457433,0.037867924978329845,0.018933962489164922,0.7490455702257813,0.23282408610887206,0.11641204305443603
3.25,0.3792911008017084,0.033177606684817736,0.01915510015054705,0.7523562142791574,0.28239619698190427,0.14119809849095213,0.7057700170623973,0.15586694063702167,0.06970581494186096,0.634605993694156,0.06419067324785986,0.03209533662392993,0.5149780943923143,0.22089496063353664,0.12753376498440416,0.4616619013536167,0.17815780036619572,0.08907890018309786,0.3360386068506364,0.057012574264794266,0.032916225098972504,0.3872629999153105,0.03767746494850059,0.021753094530399506,0.4094327854667738,0.07782262971981449,0.04493091621777947,0.3540165570210839,0.03780666539745058,0.01890333269872529,0.7710341762519356,0.2689280231122123,0.13446401155610616
3.3333333333333335,0.3989573147307183,0.03522823676532951,0.020339031979538867,0.7800272690536438,0.29565544416751743,0.14782772208375872,0.7314052728070464,0.17073054353141012,0.07635302023434401,0.644537925854284,0.06905060050568372,0.03452530025284186,0.521895858085936,0.22895046592360832,0.13218461313208552,0.4658125595697897,0.18737727059916037,0.09368863529958019,0.34769997993416996,0.06541334680679597,0.037766413387498005,0.3936866376308162,0.04446258930995999,0.02567048790697318,0.41855764519597943,0.07646326632918991,0.04414608739827585,0.35653659950947464,0.038309807281997676,0.019154903640998838,0.8050794561441161,0.29622512940646645,0.14811256470323322
3.4166666666666665,0.413517560219198,0.028836022503459513,0.016648485354730458,0.804610036464906,0.3084953322896481,0.15424766614482405,0.7606772957506279,0.17757066415769987,0.07941201517328046,0.6691453995644523,0.07063635275577265,0.035318176377886326,0.5331289886551024,0.22659443606196644,0.13082435865724779,0.479153960978917,0.18943461631033268,0.09471730815516634,0.3537612585990573,0.06713870851438156,0.03876255143382201,0.410882221669247,0.04544995709009941,0.026240544960625837,0.43404025917694206,0.08216178417997928,0.04743612821341098,0.3670120702455301,0.03858221154739139,0.019291105773695694,0.8433001005513753,0.3021025763683051,0.15105128818415256
3.5,0.43812503392936614,0.04958724271529469,0.0286292079300467,0.8327752172175082,0.31802880885982404,0.15901440442991202,0.7895540179117168,0.17830075097547762,0.07973851992408598,0.6877245363416074,0.07376398927211386,0.03688199463605693,0.5499951553747894,0.24152413467596226,0.13944402417095825,0.4754480161430482,0.16938454024356428,0.08469227012178214,0.36828856235566265,0.07615424518027496,0.04396767395476451,0.42320242939026814,0.05042509809225336,0.029112943957475764,0.4398709457187087,0.078318016683799,0.04521692801478895,0.3734851205588474,0.03086020139845644,0.01543010069922822,0.8669193223053119,0.3306438053512679,0.16532190267563396
3.5833333333333335,0.44748048578169247,0.04514743371988225,0.026065883011394807,0.8617062932361899,0.32576028017079484,0.16288014008539742,0.8144777322478791,0.1872887201230113,0.0837580619227972,0.6984470700667207,0.08191873555056567,0.040959367775282834,0.5534210954897257,0.24072298310466292,0.13898147909560687,0.4883941167696829,0.183761724352366,0.091880862176183,0.36934269777564316,0.06758128565471565,0.03901807346493107,0.42517893330273143,0.05075040246757185,0.029300758526134455,0.44728283539044617,0.08150191234031963,0.04705515102915282,0.37205215522231155,0.040418286791774165,0.020209143395887082,0.9001492943336012,0.3450990783203289,0.17254953916016444
3.6666666666666665,0.46451136116075126,0.042894043706650856,0.024764887680666446,0.8848560953109164,0.3424234357807495,0.17121171789037476,0.8339858258638919,0.1906928116924299,0.085280417952968,0.7098119675633847,0.06628180158458094,0.03314090079229047,0.5680472244419542,0.2475302078717873,0.14291163214734043,0.4917788797197763,0.1784617473008687,0.08923087365043435,0.37639222839676223,0.06752164745346528,0.038983641333385194,0.4338426087856957,0.050109441883413555,0.028930699760330726,0.45581474394591276,0.07484952292861408,0.043214392211550406,0.370223889103283,0.04131896871643579,0.020659484358217895,0.9235214530984798,0.36694100773970084,0.18347050386985042
3.75,0.4906341545371413,0.03612535166740368,0.020856981509745413,0.9195931515724588,0.3465844873388333,0.17329224366941665,0.8700372572272228,0.20174851330597993,0.09022467802233838,0.7337276649041908,0.06149783749081734,0.03074891874540867,0.5795768305979901,0.24353528735723087,0.14060516371287013,0.4979307481473184,0.17800431434963113,0.08900215717481556,0.3886136109221603,0.0766198270075454,0.044236477748068895,0.4651372540663647,0.09235590383385965,0.05332170593973006,0.46694904931945597,0.07690029114276822,0.04439840379203783,0.3796864015842011,0.04489782829081908,0.02244891414540954,0.9635456573258616,0.38966603784634146,0.19483301892317073
3.8333333333333335,0.5099709511474074,0.04544770076347966,0.026239242269844545,0.9375793371758749,0.35466605780921373,0.17733302890460687,0.8932414131595421,0.20946358185415986,0.09367496156729857,0.7439560726511883,0.06309697881817622,0.03154848940908811,0.5813227423873327,0.24591939227676132,0.14198162732993733,0.507319141731519,0.18105096801429085,0.09052548400714543,0.39144659986335784,0.0740173006700118,0.04273390846652079,0.4713961831224984,0.09503757584272007,0.05486996999592391,0.4774574617873859,0.08298447260694725,0.04791110759818012,0.38015582126341113,0.04837580810665501,0.024187904053327505,0.9918837821708044,0.42158302103846595,0.21079151051923298
3.9166666666666665,0.5299995241270355,0.05459526355243472,0.03152059010847675,0.9499077803298649,0.35971180216810017,0.17985590108405008,0.9269803349452903,0.20654407961301646,0.09236932047296664,0.7583104323154533,0.058765651460588646,0.029382825730294323,0.5973324240782855,0.2536839178467278,0.1464644782578872,0.5115439188444093,0.18837894123512117,0.09418947061756058,0.39444429746392706,0.08447504269348373,0.048771688638887964,0.47903866491735664,0.07938470758658203,0.04583278229465287,0.4757115499980434,0.08127790081549564,0.04692581791499412,0.38882773217934385,0.04146079142569039,0.020730395712845195,1.0221984109282103,0.4410050963223872,0.2205025481611936
4.0,0.534117240611334,0.05536384094288357,0.031964328471745455,0.975231736708301,0.3620958078353685,0.18104790391768424,0.9441956840228458,0.21623879155797215,0.09670492745920667,0.7679458888887116,0.062161879440446925,0.031080939720223463,0.6051066728006411,0.24134486653196577,0.13934052365976474,0.5243911942754209,0.19868661392873818,0.09934330696436909,0.3987926060713464,0.07949283571579367,0.04589521009916018,0.4805210428517041,0.08586108698346018,0.04957192168281461,0.48618702073409886,0.08642664995958838,0.04989844961932591,0.39119953687429987,0.0422147105084416,0.0211073552542208,1.0586154955153466,0.48259304179779516,0.24129652089889758
4.083333333333333,0.551741067164132,0.05247729553289703,0.030297780702261648,1.0059416662481995,0.37615850190628913,0.18807925095314457,0.9683880919113967,0.22442270660910948,0.10036488553449202,0.8069818411598619,0.06508444491037493,0.03254222245518747,0.6082031955968337,0.24731281801808094,0.14278612205678398,0.526515935981319,0.20507947141578972,0.10253973570789486,0.41196929882110167,0.08604436487423632,0.049677737222390723,0.4928412505727254,0.09246949507253432,0.05338728787195647,0.4941259781158265,0.08569956634069165,0.04947866769623251,0.3935960478681616,0.04066168448421698,0.02033084224210849,1.0945384541243675,0.5050925004308735,0.25254625021543675
4.166666666666667,0.5636000906389117,0.05338783667502256,0.030823481875776052,1.0297091257955708,0.37807773596871513,0.18903886798435757,1.006139316639446,0.22966086699246563,0.10270746207333815,0.8272904188604224,0.07444003623698685,0.037220018118493424,0.6197328017528696,0.2518044458490022,0.14537936459406597,0.5376090641900193,0.21813346749615098,0.10906673374807549,0.40959749412614577,0.08087043547846756,0.04669056769297551,0.4992648882882311,0.09209681117123593,0.0531721187212192,0.4986389953826178,0.09021199580480156,0.05208392006203558,0.4017738328059785,0.03794291254054501,0.018971456270272503,1.1271754749789176,0.528022957789894,0.264011478894947
4.25,0.5940382508908466,0.049038113643059676,0.028312168112371965,1.059529628574861,0.3833615984384988,0.1916807992192494,1.020844505748173,0.23364220479072356,0.10448797046499697,0.8567897397539375,0.09010789263622783,0.045053946318113915,0.6330412614301225,0.2573910204046805,0.14860477491763474,0.5447985971716045,0.20513640427816587,0.10256820213908294,0.4153293554722894,0.09419219781682757,0.05438189076510788,0.5037779055550223,0.09105235323016637,0.05256910064778545,0.5070061952787124,0.08438313811309797,0.048718627504662486,0.4177835144969313,0.03565554076557197,0.017827770382785987,1.1569218588614905,0.5392461456711826,0.2696230728355913
4.333333333333333,0.6014171988307097,0.04601396338266713,0.026566174145464454,1.0855947739204708,0.40189061394287123,0.20094530697143562,1.039957298581693,0.24656806495117425,0.11026859086228179,0.8770489048566863,0.09229290521880068,0.04614645260940034,0.6362366094219382,0.2565665956990402,0.14812879309190677,0.5510492907947697,0.2101905587111173,0.10509527935555865,0.4244871569333694,0.0920741854286345,0.053159055742637656,0.5024272945481725,0.09140059133932538,0.05277015601385049,0.5107286109805182,0.08584189955498137,0.04956084381581731,0.41019868073285337,0.03507309534175804,0.01753654767087902,1.1730550720469721,0.5446370071288849,0.2723185035644424
4.416666666666667,0.6259917308090035,0.05551498950239003,0.03205159413326414,1.1073116106586616,0.4034798102321004,0.2017399051160502,1.0633195748270092,0.25534407879729537,0.11419334356856303,0.9080800162823601,0.09923149961360438,0.04961574980680219,0.6352483574657066,0.25320856934213287,0.14619003567080044,0.5588564812489998,0.2128915078526764,0.1064457539263382,0.43796032526999423,0.09206840436677481,0.05315571804501676,0.5150439778560632,0.08969671864224057,0.051786424653523726,0.5127380566248559,0.08119182008398584,0.04687611918148489,0.4220577042076332,0.034476670063312495,0.017238335031656248,1.201615553582067,0.5439560329249693,0.27197801646248465
4.5,0.6401566755149904,0.04475704990318463,0.02584049480973716,1.1301896434454242,0.41700356157481094,0.20850178078740547,1.0905755637798784,0.24961825766977844,0.11163267851493656,0.9308098112756882,0.11113177401416792,0.05556588700708396,0.642166121159328,0.25449399061290856,0.14693217398750485,0.5656260071491865,0.22322171915750286,0.11161085957875143,0.43726854890063205,0.09541910834340858,0.05509024788790101,0.5163945888629131,0.09345730730761612,0.053957601531789745,0.515109861319812,0.08162412775872736,0.04712571213386965,0.4242318585113428,0.03004322518545667,0.015021612592728335,1.2323007768230596,0.5606851080808923,0.28034255404044617
4.583333333333333,0.6543216202209775,0.04930188839490586,0.028464458536355788,1.1599854399258085,0.43448056681710095,0.21724028340855048,1.1047470968322404,0.25920721697964094,0.11592099148500297,0.956998488115827,0.12708032223491303,0.06354016111745651,0.6518509903303984,0.26064933175013527,0.15048596185003668,0.5805980242860962,0.21894883601593107,0.10947441800796553,0.4473487188541949,0.09223966689981648,0.053254596514570464,0.5260135745702345,0.09327137110933012,0.053850251217657234,0.529110097366427,0.08653165956829581,0.04995907694518065,0.4286542860154795,0.02765864001553994,0.01382932000776997,1.251324626980519,0.5793319420700942,0.2896659710350471
4.666666666666667,0.6562651824015663,0.047823669085456016,0.027611008220123617,1.1759210027200437,0.43517501057070207,0.21758750528535103,1.1295324558945299,0.2583833887105814,0.11555256428272236,0.9728105194155334,0.13369828814183668,0.06684914407091834,0.6604158406177393,0.25388283797193717,0.14657932484572408,0.5896405296856158,0.22411929734948308,0.11205964867474154,0.44507573935486217,0.10067742937562915,0.05812614095133903,0.5280889036783211,0.09324157643475581,0.053833049254271334,0.5339854736838365,0.09020116907905101,0.052077669249009056,0.43856151187670184,0.027618931275011468,0.013809465637505734,1.2751662054246078,0.5898018897945003,0.29490094489725016
4.75,0.6780726089024114,0.033654344452527955,0.019430344829067404,1.2077674220096088,0.43451075423276025,0.21725537711638013,1.1503450420927688,0.26876013338915483,0.12019318558001223,0.9979368254027232,0.1435860149033671,0.07179300745168354,0.6659500515726365,0.26281329070690385,0.15173532413624233,0.5968794752650126,0.23849125514601108,0.11924562757300554,0.45140055187474476,0.10154698008803846,0.058628176289222574,0.538531432682502,0.09437192169549437,0.05448565439483596,0.5374443555306473,0.10025889561120739,0.05788450036978518,0.43833915518654964,0.02088456439613664,0.01044228219806832,1.3051349459973323,0.600760705170429,0.3003803525852145
4.833333333333333,0.6872633520953659,0.045636736319493505,0.026348381998995547,1.2333631476760087,0.45063451475854377,0.22531725737927188,1.170643737273767,0.27324412970281015,0.12219848969365057,1.0162936054897262,0.1428152845764177,0.07140764228820885,0.6589664044152663,0.25446900671824,0.14691774952919257,0.5909746698265285,0.23740251636048493,0.11870125818024246,0.4593065675245979,0.10886322369258294,0.06285221150376322,0.5425503239711776,0.09291203065806439,0.05364278591138824,0.5420232562611873,0.09706527671878606,0.05604066364255665,0.4505687731449164,0.023201323864867528,0.011600661932433764,1.3192175363736336,0.6153744021114455,0.3076872010557227
4.916802777777778,0.6869998182403707,0.05588181061633251,0.032263378402143265,1.2599224189997345,0.4597147698125831,0.22985738490629154,1.2012597828778235,0.2769798882636352,0.12386917171155688,1.0235078447702173,0.14669191128627942,0.07334595564313971,0.675140794765591,0.2596955096557676,0.14993527240709448,0.6062184562514017,0.23947477757850893,0.11973738878925447,0.46171131395142834,0.1047285527111585,0.060465058099627274,0.5352702012269377,0.09383536022759421,0.05417587048690702,0.5381690736318838,0.09798668068808275,0.05657263647226248,0.45200173848145225,0.02053874715075959,0.010269373575379794,1.3353260432602094,0.6188054871583867,0.30940274357919334
5.000136111111112,0.6897010402540706,0.07366177114604378,0.042528643400152985,1.2722261558548187,0.46174866450073626,0.23087433225036813,1.2134548120177224,0.2827807933339536,0.12646341532520794,1.0476458988011754,0.15684107564651414,0.07842053782325707,0.6809385395754833,0.2519088418580287,0.14543963765797974,0.6072067082076334,0.23696243742015155,0.11848121871007578,0.47057263982563874,0.10203385984257503,0.058909276446567245,0.5404420531312166,0.09516924490923165,0.05494598916691832,0.5521034262147501,0.09378695036678993,0.05414792104074024,0.46166190135361673,0.008839378360085741,0.0044196891800428705,1.3608970626277037,0.6317446957169577,0.31587234785847884
5.083469444444445,0.7148685234061034,0.07851674749192794,0.045331665300358474,1.2968089232660807,0.4698641500914619,0.23493207504573094,1.2250568899838818,0.28324906498504104,0.12667283277396144,1.0511541932457977,0.1539165223133509,0.07695826115667545,0.6745807853237263,0.2523640838205983,0.1457024717276157,0.6094796877069661,0.2423241539553753,0.12116207697768765,0.4634242840088965,0.104959445258001,0.060598363973700664,0.5483480687810699,0.08971185205839798,0.05179516193541596,0.5512469411860161,0.09845405245361968,0.05684247368690686,0.45662181637683524,0.015091160704945927,0.007545580352472964,1.3778208773781708,0.6402429991369095,0.32012149956845476
5.1668,0.7315699814664184,0.08739077646887904,0.050455088318997726,1.326629426045371,0.4742502693137727,0.23712513465688634,1.25504045433595,0.29074501542107284,0.13002512372014868,1.0650638395297582,0.13951339636581292,0.06975669818290646,0.6892727977397036,0.25864089335383805,0.1493263894012837,0.6142727096946897,0.2430240949345769,0.12151204746728846,0.47745746178738596,0.10812742506038478,0.062427397965394246,0.5428797412899214,0.09610476320570126,0.05548611090721686,0.551246941186016,0.08995595663048649,0.05193609577582168,0.46366311156498585,0.010757997499107875,0.005378998749553937,1.4037624912292515,0.6475941071770556,0.3237970535885278
5.250147222222222,0.7472831875705016,0.08205665729120311,0.04737543317587699,1.3276176780016027,0.47532813790661854,0.23766406895330927,1.2784620256986403,0.29445261486765384,0.13168321259932783,1.0207901518905804,0.04545052115425251,0.022725260577126254,0.6901951662321865,0.26145942029688324,0.15095366669056906,0.6145691852815592,0.24300601009318534,0.12150300504659267,0.4761068507805361,0.10806671079783738,0.06239234456956885,0.5407055869862117,0.08930059983639631,0.05155772535433846,0.5486116026360649,0.08636068788474205,0.04986036639765708,0.4725820854699765,0.009965186969660013,0.0049825934848300064,1.4201674737026968,0.6659899345443824,0.3329949672721912
5.3334777777777775,0.7672129353545066,0.07787690867430642,0.04496225418676672,1.3713972396626648,0.497741571848803,0.2488707859244015,1.2893525622563131,0.3079634947783401,0.137725461782554,1.0345021477832943,0.04612247157364022,0.02306123578682011,0.6934563976877509,0.24905590447104026,0.1437924934896208,0.621116354491594,0.24602084699434795,0.12301042349717398,0.4792692570404773,0.10231488210323648,0.05907152472440841,0.5503245726935332,0.0862388053301718,0.04978999747196642,0.5563529096265464,0.08386482957696943,0.048419381931805394,0.476189205110222,0.01726577327933934,0.00863288663966967,1.4515444733130518,0.666335353158407,0.3331676765792035
5.4168111111111115,0.7910298074996897,0.078737720036491,0.04545924385844547,1.3789326608289312,0.48821035888940073,0.24410517944470037,1.3216091061077142,0.30048289813265117,0.13438003726015052,1.0394187012655467,0.052962091831255845,0.026481045915627922,0.70185653931572,0.2463491712658617,0.1422297603449865,0.6235375717843615,0.2482680432937776,0.1241340216468888,0.48809764118281346,0.11166236943791746,0.0644682990533331,0.5501928057660356,0.0946217746703551,0.05462990707712963,0.5587576560533766,0.08841685408939452,0.051047494509411796,0.48453993414037944,0.02485566638503369,0.012427833192516845,1.4592528385716586,0.6626813915241283,0.33134069576206415
5.5001444444444445,0.8299998763070909,0.088459444107517,0.051072083867839596,1.4075425549618377,0.4997672993005447,0.24988364965027235,1.3223997076726994,0.30696507608170165,0.13727895536741594,1.0622226151555922,0.054719389746475194,0.027359694873237597,0.7064683817781344,0.24343382647648026,0.14054658524605654,0.6316659441243668,0.2507878608820089,0.12539393044100444,0.48440816721288193,0.11597221271018804,0.06695658822674361,0.5545740561053293,0.09481062511990195,0.05473893993501209,0.5586588308577535,0.0847422450959691,0.04892595801789101,0.4929153694694427,0.02314470820223428,0.01157235410111714,1.4868991870472392,0.679404728565117,0.3397023642825585
5.583475,0.8327999235164141,0.05910011107589415,0.03412146503880427,1.4163379973722992,0.5092642913859587,0.2546321456929794,1.3463549350917545,0.3087058492275752,0.1380574527849318,1.0801840944601027,0.06732456931963113,0.033662284659815564,0.7068966242925013,0.240436664184778,0.13881617279013722,0.6389048897037637,0.2525262802726802,0.1262631401363401,0.4984084032594969,0.11484263054951507,0.06630442366220728,0.5575717537058985,0.08762117382008024,0.05058810829173432,0.5659060118701189,0.08964291446024489,0.051755360794564984,0.4974366221692026,0.03253280810166154,0.01626640405083077,1.5038230017977063,0.695491978404155,0.3477459892020775
5.666808333333333,0.8594168428709198,0.07545310696999515,0.043562871620320326,1.4414148907616775,0.5031558224797773,0.25157791123988865,1.346928121226369,0.30774595616413636,0.13762817555673587,1.0912772226688028,0.06736261992081544,0.03368130996040772,0.7105202147986841,0.24251719785529735,0.14001736946486967,0.629392964625034,0.2529580817431995,0.12647904087159975,0.4872740978859537,0.11575937846879975,0.0668337083201853,0.5602070922558496,0.08790473838072346,0.05075182436715432,0.5712096307018955,0.09760352760829584,0.05635142293850667,0.5017602244777161,0.04608281321605096,0.02304140660802548,1.525366894443556,0.6916589456519482,0.3458294728259741
5.7501388888888885,0.87045232304884,0.07964427912582724,0.04598264599271005,1.4538421591112904,0.5189744364136211,0.25948721820681053,1.3813785844206046,0.3123207666337418,0.13967409299557895,1.0984420493514824,0.06911878738329572,0.03455939369164786,0.716285017876702,0.2316764648701872,0.13375846935770347,0.6342848118083807,0.2535561207699324,0.1267780603849662,0.49916606309260786,0.12109498477522039,0.06991422205748712,0.556583501749667,0.09133132440613442,0.05273016473132675,0.5727578920999917,0.09425646126119906,0.05441899328201481,0.5068744283512148,0.04729436999639036,0.02364718499819518,1.5510614453055793,0.6970497708438231,0.34852488542191157
5.833472222222222,0.9041187730244649,0.07832046911956816,0.04521834392924046,1.4725448273829744,0.5165047677904357,0.2582523838952179,1.3857268930280238,0.3205391830393826,0.14334948054566143,1.1098069468481464,0.07400241106334648,0.03700120553167324,0.727814624032738,0.2315720504626519,0.13369818567140568,0.6466379612612764,0.2561758172751162,0.1280879086375581,0.5014390425919407,0.1191124877295935,0.06876962685452681,0.5530257947072331,0.08555893688571393,0.04939747524254515,0.5701225535500406,0.09388752468841163,0.054205987652402095,0.5199440604723784,0.055131078645506995,0.027565539322753498,1.548837878404058,0.7100617814224269,0.35503089071121346
5.916805555555555,0.9149895445430131,0.07546630838301749,0.04357049345968246,1.4860344665855365,0.5235205951040209,0.26176029755201047,1.3987718188502813,0.31611521666083103,0.14137102263513845,1.1293249229837214,0.06759419430930495,0.033797097154652476,0.7198097831872617,0.22099555168137067,0.1275918412529492,0.6417955266757412,0.25059805900328214,0.12529902950164107,0.50578735119936,0.10465438904462089,0.0604222396867877,0.5592517820314923,0.09336381888090614,0.053903625963462626,0.5796427140617388,0.09650650159889869,0.055718054676673213,0.5159169337507344,0.058225654951593486,0.029112827475796743,1.55575564209768,0.7079583808287307,0.3539791904143654
6.000136111111112,0.939234659202563,0.06542317519304108,0.03777208780894232,1.4999688191684029,0.5274590195660112,0.2637295097830056,1.4179439068011757,0.3103751551876682,0.1388039891053345,1.127595482060316,0.062476493522652964,0.031238246761326482,0.7316688066620415,0.22047193128554818,0.1272895288764679,0.6450567581313057,0.2607818513621554,0.1303909256810777,0.49774956862200925,0.11262068013148004,0.06502157999022874,0.5654777693557519,0.09268027908056876,0.05350898407573602,0.5718684653393832,0.09411782553959999,0.054338951910830297,0.5248853202535366,0.07836995346532473,0.039184976732662365,1.5789795630691235,0.7199668720714344,0.3599834360357172
6.083469444444445,0.9647315596733398,0.07319652081225986,0.042260030994702276,1.5186467811411812,0.5358445974216394,0.2679222987108197,1.4187345083661609,0.3163190587668589,0.14146218359628945,1.1382191905898065,0.0622016751265095,0.03110083756325475,0.7362477073925815,0.2125911887667724,0.1227395800618386,0.6429567227243134,0.25737823931683557,0.12868911965841778,0.5041402646056405,0.11400566115951341,0.06582119915958633,0.5556281915253097,0.09217707004558327,0.053218456203928496,0.5692331267894322,0.10672558357878884,0.06161804440863364,0.5372384697064324,0.07913133521649592,0.03956566760824796,1.6039329249639729,0.7047869484812717,0.35239347424063583
6.166802777777778,0.9723740414681977,0.07715687093306768,0.04454654020303584,1.5363611974566336,0.5340093576834686,0.2670046788417343,1.4319770845796653,0.31658092658039594,0.14157929444272707,1.1382191905898065,0.0785494543154673,0.03927472715773365,0.730186428727694,0.20185118984145145,0.11653883879120826,0.6480215140000007,0.2439313786368272,0.1219656893184136,0.5160651715441692,0.11013752152867246,0.06358792770245725,0.5575058702421499,0.08198825153667919,0.04733593909508848,0.5781932778592658,0.09784020451130346,0.05648806841216909,0.5397090995970115,0.09250609757817163,0.046253048789085816,1.6093683107232466,0.713302754937603,0.3566513774688015
6.250133333333333,0.9958614962946367,0.0713519965551332,0.041195094418323405,1.5536803129895933,0.5292668427066277,0.26463342135331386,1.4452196607931693,0.32273092221268945,0.14432965610175408,1.1310543639071269,0.08138341363655802,0.04069170681827901,0.738323036500668,0.20259425421103916,0.11696784720501494,0.6473297376306385,0.2586503695019333,0.12932518475096666,0.5200511211009702,0.1155600132900461,0.06671860478056485,0.5683107582969492,0.10101715687655799,0.058322282715451416,0.5793132967429949,0.09209856089943448,0.05317312892726564,0.5438597578131844,0.10075945986980644,0.05037972993490322,1.6185096413183895,0.7253762065778315,0.36268810328891576
6.333480555555555,1.0287044029734018,0.08431829936739357,0.04868119283737613,1.56996176396851,0.5430366378468146,0.2715183189234073,1.4460102623581548,0.3134405874400165,0.14017489208466874,1.1362426866773432,0.07232660874244806,0.03616330437122403,0.7417489766156043,0.19510812704737346,0.11264572967188477,0.6525674729986662,0.24786431320051291,0.12393215660025646,0.5155710455660533,0.11518613907295606,0.06650274840068486,0.5671248559494714,0.08534957982443901,0.049276602886861316,0.5740426196430929,0.10343964506558412,0.05972090692349434,0.5478127656381111,0.09739333335207415,0.04869666667603707,1.6197449562636794,0.7153679161585808,0.3576839580792904
6.4168111111111115,1.040728135107554,0.07705786503244674,0.04448937911966098,1.5880961873653605,0.5420082269131891,0.27100411345659453,1.4547068795729932,0.310763209189642,0.13897753213080535,1.0596284537704843,0.17165854694161126,0.08582927347080563,0.7449113828755456,0.1837793240873357,0.10610504223331074,0.6572863760896723,0.2538088464033959,0.12690442320169795,0.5152416282473095,0.10505961172600001,0.06065619511096367,0.5653130606963799,0.08952724597123213,0.05168857956129671,0.5746685125487062,0.09778622021577561,0.056456900564614075,0.5787944644659734,0.10201522115806581,0.05100761057903291,1.6498866409287447,0.7179623822926773,0.35898119114633864
6.5001444444444445,1.0650061914989781,0.07938273913886974,0.04583164581083629,1.5941986431950912,0.5403149426527039,0.27015747132635193,1.4663682526565267,0.31074152366110486,0.13896783406761795,1.063779111986657,0.19337893771704195,0.09668946885852098,0.7499844095842013,0.18037190164256506,0.10413776596757965,0.6552851658783033,0.24343799050035725,0.12171899525017862,0.5221593919409311,0.11001234507415796,0.0635156570427471,0.567355448072592,0.08413367978233853,0.04857460267024693,0.5806639077498449,0.09617191230876732,0.0555248794599479,0.5794615345364298,0.1143295614188541,0.05716478070942705,1.65161608185215,0.7214277073132409,0.36071385365662045
6.5834777777777775,1.0890536557672816,0.08909079052824681,0.05143659189379986,1.5948904195644533,0.5546424360681738,0.2773212180340869,1.4778319753488138,0.31341893135535004,0.1401652071891806,1.0616296639818532,0.18618585549996872,0.09309292774998436,0.7553868536116012,0.18375519598988957,0.10609111186975519,0.6583487469426215,0.2525549544441664,0.1262774772220832,0.526046516302109,0.10692269632875588,0.06173184750788782,0.5607341599658399,0.08994004988020637,0.051926912009265525,0.5793462384748694,0.10031635222605098,0.057917672961831854,0.5846251510077403,0.11758228184732236,0.05879114092366118,1.6610044754363509,0.7288773566193488,0.3644386783096744
6.6668111111111115,1.1015715138795492,0.08277949819335353,0.0477927655653148,1.6002269801281042,0.5354364390176748,0.2677182195088374,1.4849473894336815,0.3061959583213123,0.13693499544842933,1.0779111149607696,0.1844126057329172,0.0922063028664586,0.7682011873107383,0.17663312090230737,0.10197917990075088,0.658052271355752,0.24765669443316393,0.12382834721658197,0.5303289414457794,0.10817348010425142,0.062453987857368186,0.5568470356046621,0.0873865296482676,0.050452636415974514,0.5839251392054093,0.09646950605428263,0.05569669528903031,0.5787697581670675,0.11912295507384206,0.05956147753692103,1.6876872782546053,0.7421003986323464,0.3710501993161732
6.750141666666666,1.1157364585855363,0.08796552735835134,0.050786920899751536,1.6050200021158276,0.5426297383345703,0.27131486916728514,1.482180283956233,0.31178479983797663,0.13943440135777624,1.0825806054539644,0.1941996231222433,0.09709981156112164,0.7696506235132113,0.16812870033500968,0.09706915039691977,0.667391252342141,0.24376345665920426,0.12188172832960213,0.5266724092077223,0.10609336212576363,0.061253031182542085,0.5648518764501385,0.09274129015418638,0.0535442088355127,0.5707813881875284,0.10502088644050447,0.06063383705695838,0.5842051439263417,0.1247784755204179,0.06238923776020895,1.6901579081451845,0.728140024219596,0.364070012109798
6.833472222222222,1.1358309150289132,0.08725953257816621,0.05037931462336518,1.6079353453867111,0.5430225323146803,0.27151126615734017,1.4966087625172153,0.30596622110051863,0.13683225383989803,1.0844582841708044,0.18399530837919842,0.09199765418959921,0.7698482739044578,0.15359460737640884,0.08867788791484453,0.6518756966293041,0.2331241661176818,0.1165620830588409,0.5323713288219915,0.10649903980987317,0.06148724930266695,0.5763485408743002,0.09815227683224467,0.05666824345067113,0.5814215675829558,0.09702934979232562,0.05601992122189356,0.5825498218996537,0.12177093873811014,0.06088546936905507,1.703005183576196,0.7415215491456673,0.37076077457283363
6.916805555555555,1.1546077021973147,0.09319133854570023,0.05380404439550158,1.629503944331467,0.5458656258289943,0.27293281291449717,1.493446356257274,0.2999921790322476,0.13416058100687855,1.0776640519717118,0.18787161598101004,0.09393580799050502,0.7833214422410825,0.1467844390655533,0.08474603540734542,0.6605723138441426,0.2409908321941984,0.1204954160970992,0.540804412181835,0.1119766366577136,0.06464974131727987,0.5638306827620324,0.09117749512787159,0.052641351356112455,0.5786874038373816,0.10250875748262761,0.05918345872688912,0.5850945706869501,0.12372223801446873,0.061861119007234365,1.696828608849748,0.7284737595759173,0.36423687978795866
7.0001388888888885,1.170749150815765,0.09819233508963489,0.05669137109635864,1.63740995998132,0.5434667544634141,0.27173337723170704,1.5039218269933294,0.30977750296901035,0.13853671090777,1.081221759014146,0.17574838533894666,0.08787419266947333,0.7905027397896993,0.1546856777321654,0.08930781767844541,0.6592381737032298,0.24372750221362258,0.12186375110681129,0.5435056341955348,0.10132182204234853,0.05849818123093329,0.5582305883433863,0.0921685934312875,0.05321356222838301,0.5739108527155953,0.08939023469471205,0.05160947606391583,0.5774356180261548,0.1246166777127625,0.06230833885638125,1.7146171440619178,0.7276921773635345,0.36384608868176727
7.083472222222222,1.1809610876968253,0.09350869045333897,0.05398726760480464,1.6563843975409678,0.5426933728846532,0.2713466864423266,1.5031312254283442,0.30660506987895697,0.1371179556990842,1.0866077321756082,0.18612950788564434,0.09306475394282217,0.7890203618553517,0.14250994123744096,0.08227815293563429,0.6577063831710708,0.23932401098893338,0.11966200549446669,0.548446893976693,0.1032594356372439,0.059616862961531604,0.5621506544364386,0.0775029206539406,0.044746332102534814,0.5750638133311989,0.09040793347444254,0.05219704472834718,0.5892699352020289,0.12488310156085485,0.06244155078042742,1.7262291045476397,0.7373133970543531,0.36865669852717653
7.166802777777778,1.2056673866026166,0.0958604397544704,0.05534505069687939,1.653172578683215,0.540294787430815,0.2701473937154075,1.5124207938169216,0.3038184517565519,0.13587174218927808,1.0877936345230863,0.18141114405450803,0.09070557202725402,0.7940604468321332,0.12923989409510409,0.07461668764584707,0.6685771546896191,0.23604415903935785,0.11802207951967893,0.5514775333091367,0.09311212875019136,0.05375831259874207,0.5614588780670764,0.08391314419079286,0.048447276387102146,0.5813886258510815,0.08682753792290952,0.05012990239286425,0.5918393902882312,0.13188318625889234,0.06594159312944617,1.7321586162850298,0.7252411058322789,0.3626205529161394
7.250136111111112,1.2175264100773966,0.1086942381870394,0.0627546476766485,1.657199705404859,0.5398286908841974,0.2699143454420987,1.5128160945994145,0.3105992730716719,0.13890421767005565,1.0944890415265558,0.17647516363251856,0.08823758181625928,0.8036794325394547,0.12276210963708505,0.0708767370452574,0.65970759338244,0.23994296878469387,0.11997148439234694,0.5548375899603244,0.09184600872469967,0.053027317861198076,0.5613600528714534,0.08797786883067994,0.05079404625212265,0.5779956274680195,0.08907348664965033,0.051426601494834155,0.5978183146234327,0.13302674964938357,0.06651337482469179,1.743276450792636,0.7279981138132872,0.3639990569066436
7.333469444444445,1.2106086463837749,0.13183444075205578,0.07611464985666318,1.672912911508942,0.5446846024984057,0.27234230124920283,1.5187456063368043,0.2981569418147512,0.13333983797224663,1.0918948801414476,0.17525173572854374,0.08762586786427187,0.8056559364519179,0.12052835003084565,0.06958707533529018,0.6634135382183086,0.22153630385078882,0.11076815192539441,0.5484798357085675,0.08617625057059553,0.04975388146468597,0.5653789441601288,0.07411731549737756,0.042791652054023355,0.5882734478128286,0.097813099598874,0.05647241938368159,0.601104252377903,0.13442703061954073,0.06721351530977036,1.7464882696503887,0.7360796079899641,0.36803980399498204
7.416813888888888,1.238938535795749,0.13323576565147718,0.07692370516456624,1.6730611493023768,0.5475738813542657,0.27378694067713283,1.523093914944224,0.31425433264094765,0.140538810001798,1.1043715610888722,0.17261058868989324,0.08630529434494662,0.8220938606572378,0.11303564933873404,0.06526116257374225,0.6612887965124106,0.22589578564632604,0.11294789282316302,0.5526634356566148,0.09017095564129135,0.052060225512585365,0.5660377787976164,0.08516085030486639,0.049167639847932036,0.581948635292946,0.09439256541591196,0.05449757305237613,0.6015242594593013,0.13949701459635871,0.06974850729817936,1.7581002301361106,0.7293062859739406,0.3646531429869703
7.500147222222222,1.2442092128956512,0.14501061124347478,0.08372191543677233,1.6684657777059,0.5351626244815625,0.26758131224078124,1.5248727684654406,0.3077329951826785,0.13762237922961687,1.1280401954406203,0.15952565191755805,0.07976282595877902,0.8365882226819688,0.12336335090953526,0.07122386385575445,0.663265300424874,0.22743594106431353,0.11371797053215676,0.5586588308577535,0.09172080286715356,0.05295503022563971,0.5589882481764973,0.07876841330186457,0.045476964623471214,0.5798733061848595,0.09581531254399069,0.05531899648976115,0.5964100555858026,0.13729740005242622,0.06864870002621311,1.7786064582279175,0.7433452161473737,0.37167260807368685
7.583480555555555,1.2656213386140036,0.14203464800056576,0.08200374225738039,1.6933450207040317,0.5354727834824132,0.2677363917412066,1.5308022802028307,0.3038943058479327,0.13590566517021788,1.1297943426629315,0.1634432576420707,0.08172162882103536,0.8405082887750209,0.12216676989703687,0.0705330174860813,0.670948959384575,0.20874636221473097,0.10437318110736549,0.5705507960644076,0.09148252860433105,0.05281746251585817,0.5585929473940047,0.08802137397650435,0.05081916395977551,0.5784238699823865,0.09477624796586473,0.05471909227587472,0.5975712516343749,0.1397481537722227,0.06987407688611134,1.7746534504029912,0.7214448547704628,0.3607224273852314
7.6668111111111115,1.270233181076418,0.15329802230558603,0.08850665444436735,1.6756306043885791,0.5356872668933327,0.26784363344666634,1.534162336854018,0.3104382391058193,0.1388322010911891,1.1288802096034172,0.16436215635521004,0.08218107817760502,0.848150770569879,0.12492850730556168,0.07212750732232417,0.6712701412703503,0.21842405009991825,0.10921202504995912,0.5656095362832494,0.08615955155517366,0.049744240283636956,0.5688378260069394,0.09041598106304789,0.05220169100579481,0.5760191235555561,0.09346712992285945,0.053963272621344635,0.6041184208444095,0.14118564190022898,0.07059282095011449,1.778112332249802,0.7312567551012139,0.36562837755060695
7.7501444444444445,1.2791274486825026,0.1657594429760952,0.095701259022971,1.6800283255938102,0.5291428658070856,0.2645714329035428,1.5387082958526836,0.31217110154222055,0.1396071607318789,1.1233707049474257,0.17467709298483672,0.08733854649241836,0.8405082887750209,0.11619687306830453,0.0670862959449784,0.6713936727648793,0.20723714016107359,0.10361857008053679,0.571440222825016,0.09952469190036765,0.05746060765969183,0.5674872150000896,0.08738150025166337,0.0504497326924912,0.5765132495336719,0.10144811074317556,0.05857109404635138,0.6018207350461708,0.1379094746263932,0.0689547373131966,1.7813241511075544,0.7238091629869352,0.3619045814934676
7.833475,1.3166810230193056,0.19929965579389317,0.11506570992200399,1.6903802648353368,0.5453658988919327,0.2726829494459663,1.538312995070191,0.31073303760753934,0.13896403898909132,1.1305108253311995,0.1624489335188939,0.08122446675944694,0.8425836178831073,0.11802364229231656,0.06814098164820907,0.6785832057464645,0.20062086721105674,0.10031043360552837,0.5730543676868612,0.0862096388975208,0.04977315822422407,0.5640283331532788,0.08619088788297731,0.0497623323209298,0.5836616053504143,0.094662106073017,0.05465319242331328,0.6035501759695763,0.14030299431461898,0.07015149715730949,1.7902184187136396,0.7094696974995215,0.35473484874976074
7.916808333333333,1.320963448162976,0.1838529377242867,0.10614754308642044,1.6989286442567404,0.5310326276400875,0.26551631382004376,1.5493814169799858,0.3053142002647573,0.1365406612575963,1.126878999392048,0.17071463301018072,0.08535731650509036,0.852729671300419,0.12285535322395463,0.07093057125523677,0.6697877633360028,0.1964784820084572,0.0982392410042286,0.5798403644529851,0.08070953553532027,0.04659767206748683,0.562776547342052,0.08784939200797373,0.050719870123948595,0.577797977076773,0.0915658146927873,0.05286554776144814,0.5995724618457439,0.136966349577151,0.0684831747885755,1.7973832453963188,0.7273786715517672,0.3636893357758836
8.000141666666666,1.3291988811315736,0.2075493810210305,0.11982869100263216,1.6881814042327212,0.5253048757067267,0.26265243785336334,1.5470096122850296,0.30118557176856303,0.1346942824633297,1.137403882725915,0.17420844965967355,0.08710422482983678,0.8455813154836767,0.12190849308408322,0.07038390129859708,0.67391371525327,0.20117459354754424,0.10058729677377212,0.5883393312765773,0.0911664616809236,0.05263498119254695,0.5641930418126507,0.07921343403166327,0.04573389746161545,0.5899534761384225,0.09209513210787042,0.05317114931353314,0.6017960287472651,0.1374857385948574,0.0687428692974287,1.7934302375713924,0.7301063727800527,0.3650531863900264
8.083472222222222,1.34501091243128,0.2142456394442334,0.12369477760583165,1.6907261530200175,0.5264481547895451,0.26322407739477255,1.545428409155059,0.30368405352024025,0.13581163747078828,1.1445687094085946,0.17070763429486016,0.08535381714743008,0.8486448965479948,0.13090464396560345,0.07557783143171327,0.6711219034769156,0.19432436246855728,0.09716218123427864,0.5809933250685887,0.09586059257681599,0.055345138928901756,0.5635342071751629,0.0796646527899924,0.04599440873320018,0.5749649881355757,0.09423390494731554,0.054405970388122234,0.6115303105161469,0.1415879859047422,0.0707939929523711,1.8018303791993613,0.7262037666123122,0.3631018833061561
8.166805555555555,1.3459991643875113,0.20986572152669086,0.12116603081711001,1.6889472994988006,0.5174289461257141,0.25871447306285705,1.5479978642412613,0.3038522027372142,0.13588683608669172,1.1395286244318135,0.1688450640322692,0.0844225320161346,0.8553320681184958,0.13054561463523973,0.07537054575118081,0.6750996176007479,0.1987208391716009,0.09936041958580046,0.5827721785898058,0.10418299112551958,0.06015007797129913,0.5671907394132201,0.07643503346242794,0.04412978714505083,0.585934584849747,0.09226336353156599,0.053268277771289924,0.6094055688102488,0.13648033828455183,0.06824016914227592,1.8062775130024038,0.7293676047676051,0.36468380238380255
8.250136111111111,1.369717211337071,0.21425019791058844,0.12369740943760885,1.6868472640918086,0.5414193818549254,0.2707096909274627,1.5523461728486807,0.29883994036554185,0.133645284209867,1.1469158078046449,0.16928540628027533,0.08464270314013767,0.8535532145972787,0.12213222949250141,0.07051307557422484,0.6808067726479858,0.19940972036715562,0.09970486018357781,0.5854075171397568,0.09814045187910882,0.05666141631079499,0.5673225063407176,0.08719218441669091,0.05034043114420799,0.5858028179222495,0.09251275302271043,0.053412262861135235,0.6074537711966912,0.13785417859369745,0.06892708929684872,1.811712898761678,0.7409088546193956,0.3704544273096978
8.333469444444445,1.3786114789431558,0.23369808153120977,0.1349256502811431,1.7119735700789982,0.5272287501257743,0.26361437506288715,1.5464166611112908,0.31130360154968584,0.13921920294112128,1.1435310448545515,0.17711154002555396,0.08855577001277698,0.8453177816286815,0.11427125932346174,0.06597454233103818,0.67438313493248,0.1999080554290226,0.0999540277145113,0.5919299800508858,0.09902246793992082,0.057170648520934376,0.5571105694596572,0.08223926948766448,0.04748086437666127,0.5810262668004632,0.10463933222428987,0.06041354662751644,0.6062184562514017,0.14087455376517558,0.07043727688258779,1.8302426229410216,0.7378084639513406,0.3689042319756703
8.416802777777779,1.3937646756053745,0.24564042257845362,0.14182056409952362,1.6839813334187366,0.5072117520946727,0.25360587604733636,1.5535320751961585,0.3037890371301237,0.13585858756843283,1.1488428991192967,0.17253890498185304,0.08626945249092652,0.8473601690048937,0.12464268133790271,0.07196248562295487,0.6824868009735796,0.1912614541138749,0.09563072705693745,0.584913391161641,0.10165901184039397,0.05869285785160282,0.5574729285102755,0.06841095202763983,0.039497081568676436,0.5812898006554584,0.09577130281343317,0.055293587459976805,0.6132597514395524,0.13891503334124217,0.06945751667062108,1.8593960556498548,0.751030525176163,0.3755152625880815
8.500147222222221,1.4138591320487517,0.24904014657531004,0.1437833956642791,1.688428467221779,0.5276972417118326,0.2638486208559163,1.5547179775436362,0.3079680740888244,0.13772750971246056,1.1580583486111569,0.1816400352164428,0.0908200176082214,0.8493696146492313,0.11558806847596421,0.06673480244970684,0.6821656190878043,0.19338353353086282,0.09669176676543141,0.5950923863108271,0.09776885703355817,0.05644687592668685,0.5658401284063701,0.08557236729821036,0.04940522929481528,0.5843533817197765,0.09338437170537472,0.05391549214220217,0.6113079538259947,0.14229895647970348,0.07114947823985174,1.8715021421136928,0.7485651962995591,0.37428259814977954
8.583480555555555,1.410235541542569,0.25010195046497913,0.14439642842580616,1.7068593662054994,0.5339063151956208,0.2669531575978104,1.5545203271523902,0.30555929063116927,0.1366502690015818,1.1536359211070202,0.18483523561657214,0.09241761780828607,0.858165057059693,0.11780130512965464,0.06801261522749535,0.6904422292212444,0.18474898303609505,0.09237449151804752,0.5909417280946542,0.10756328477810433,0.06210169142155891,0.5651812937688824,0.07736012074153878,0.04466388653466937,0.5791156463517487,0.0960722723444414,0.055467352299722286,0.6008818956877509,0.13768380672282898,0.06884190336141449,1.8663138193434767,0.7429098220540625,0.37145491102703126
8.666813888888889,1.420776895742373,0.2568396931928443,0.14828646600346954,1.6968039025508423,0.5256126233811848,0.2628063116905924,1.563414594758475,0.3118197244002114,0.1394500200968245,1.154130047085136,0.17130283696760445,0.08565141848380223,0.8526967295685447,0.11822836674733213,0.06825917936742201,0.6807326537512685,0.18231925295617576,0.09115962647808788,0.5967724146364208,0.10836110973089517,0.06256231587281891,0.5565505600177926,0.08687276211987568,0.050156012595156556,0.5854404588716312,0.10313620138834848,0.05954571363475845,0.6004124760085408,0.13169397018780035,0.06584698509390018,1.8616196225513761,0.7372069802115083,0.36860349010575416
8.750144444444445,1.4336241711733848,0.27574945071785373,0.1592040196008443,1.6923073561499882,0.5239631870202535,0.26198159351012673,1.5647981474971993,0.30600930996722037,0.13685152376690174,1.1495346754886588,0.17600697979599747,0.08800348989799874,0.849929624091096,0.11712192222728207,0.06762037332592773,0.6870327599722452,0.18044778936404593,0.09022389468202296,0.5995724618457439,0.10270771881514244,0.059298329105774886,0.5575058702421499,0.07718427036472267,0.04456235927227749,0.581520392778579,0.09366274027336297,0.054076208309864114,0.611752667206299,0.13195531938319402,0.06597765969159701,1.853713606901523,0.7337775211615566,0.3668887605807783
8.833477777777778,1.4369183443608236,0.28439171588835,0.16419363372343845,1.7027581205871383,0.5146145924381944,0.2573072962190972,1.5689488057133723,0.31365722173587185,0.1402717738870268,1.1477064093696303,0.16349748802047392,0.08174874401023696,0.8494684398448547,0.12429590753921893,0.07176227567693688,0.6876751237437958,0.19778248462809683,0.09889124231404842,0.6046454885543996,0.11319762200066384,0.06535467753370877,0.5654448276238774,0.07795556273207936,0.04500766512819478,0.5805321408223474,0.09020750287134925,0.05208132606569743,0.6106902963533499,0.1338696012062735,0.06693480060313675,1.8628549374966656,0.7412372801392285,0.37061864006961426
8.916808333333332,1.4491067851543473,0.30577788877163903,0.17654094639454124,1.6995463017293855,0.5081501323934793,0.25407506619673964,1.5732971143207917,0.31649453569766145,0.14154065926544096,1.1621348879306121,0.15567402671132502,0.07783701335566251,0.8453177816286815,0.12053677686237652,0.06959194056874295,0.6900716347376575,0.18159457765551365,0.09079728882775683,0.5986171516213865,0.11018040221112482,0.06361268487601415,0.5538822797359672,0.08058855886902176,0.04652782615663372,0.5836945470822886,0.09865112644835505,0.0569562544108176,0.6091585058211909,0.1336877840067799,0.06684389200338994,1.8764434018948513,0.7539265187943409,0.37696325939717046
9.000141666666666,1.4668953203665172,0.30196124367255506,0.17433740531918385,1.7074523173792384,0.506625656906538,0.253312828453269,1.5750759678420085,0.3161451835121747,0.14138442421847366,1.1623572446207646,0.1761283544161087,0.08806417720805435,0.8510167012429508,0.12377690384517835,0.07146262875447215,0.6917022504654398,0.18395478418596603,0.09197739209298302,0.5982877343026427,0.11104219039127154,0.0641102385138063,0.5604706261108449,0.08252858497768494,0.04764790075270531,0.5794450636704925,0.08787612487956621,0.050735304354558725,0.6097020443971184,0.13400649154457922,0.06700324577228961,1.8900318662930364,0.7461254274818379,0.3730627137409189
9.083475,1.4543774622542491,0.3021116025240884,0.17442421504259167,1.6997933647184433,0.5128929271003922,0.2564464635501961,1.573494764712038,0.3132294157217099,0.14008045322125695,1.1682867563581545,0.1829737821782359,0.09148689108911795,0.8452848398968071,0.1178500436967887,0.06804075445235012,0.6925916772260483,0.1723182978318698,0.0861591489159349,0.606193749952496,0.11421153078454323,0.06594005804301527,0.5555293663296865,0.0782636484910847,0.045185538524090005,0.5841886730604045,0.0938155308213565,0.054164421973877816,0.6149644860640519,0.13273972230149875,0.06636986115074937,1.8949731260741944,0.7694375555938917,0.38471877779694585
9.166805555555555,1.491931036591052,0.35149877583974337,0.20293791285089977,1.6980145111972265,0.5143741720175774,0.2571870860087887,1.581400780361891,0.3091289399472299,0.13824666470689126,1.1669526162172417,0.16606648868264495,0.08303324434132248,0.859350959407171,0.1236685615043193,0.07140007727481254,0.695334076404591,0.17737016604256342,0.08868508302128171,0.6088290885024471,0.11468545085875237,0.06621367592543428,0.5540469883953391,0.08563443179707152,0.04944106224993989,0.585341633676008,0.09588931885073453,0.05536172405088144,0.6045137216269021,0.13389616624774175,0.06694808312387088,1.8967025669976003,0.7662207356203664,0.3831103678101832
9.25013888888889,1.4827073516662235,0.34903813031266506,0.20151725849346086,1.7017698686309064,0.49838543278494296,0.24919271639247148,1.5821913819268763,0.31106476405438854,0.13911239156610916,1.1728080090579143,0.15441917757915205,0.07720958878957603,0.8541461657710175,0.11813133325149482,0.06820315705247992,0.6909363551993601,0.1806056248928255,0.09030281244641275,0.60569962397438,0.11468999254541018,0.06621629806944875,0.558197646611512,0.08043850880804816,0.04644119471353869,0.5844522069153996,0.08438647518802922,0.048720554165772346,0.6101961703752341,0.12654988515208268,0.06327494257604134,1.9186911730237544,0.7752736343108492,0.3876368171554246
9.333472222222222,1.495225209778491,0.34026736153261594,0.19645345277729953,1.7057228764558332,0.5045991649898621,0.25229958249493106,1.5883185440555128,0.3143032767954715,0.1405606984931213,1.1843458506469187,0.1585797668349353,0.07928988341746765,0.8460754414617925,0.12650263269719453,0.07303632904092162,0.696989398431279,0.1806592039506773,0.09032960197533865,0.6164715702973051,0.12277303479339159,0.07088304468719193,0.5523340183378709,0.07728313539208283,0.04461943902243732,0.5881746226172054,0.09743349063411286,0.05625325204568994,0.6034019381761415,0.13209609118114848,0.06604804559057424,1.92511481073926,0.7886316659037224,0.3943158329518612
9.416802777777777,1.4846838555786868,0.34170707925110116,0.19728467418962406,1.7042404985214854,0.5173342460218082,0.2586671230109041,1.5776454229282106,0.32004002139732707,0.1431262486729821,1.1775022058500146,0.158501771075832,0.079250885537916,0.8575721058859541,0.1271628892551785,0.07341752834240788,0.7034624487445964,0.18395591679927484,0.09197795839963742,0.6197986852166183,0.12172200829552192,0.07027623425572145,0.5490069034185576,0.07730154137866509,0.04463006572374528,0.5849463328935154,0.09463104639475649,0.05463526010970863,0.6058478617678148,0.1273740486306002,0.0636870243153001,1.9233853698158545,0.7693888449218981,0.38469442246094904
9.500136111111111,1.5077430678907586,0.3586814606471635,0.20708483785796802,1.7049816874886594,0.49491356374029977,0.24745678187014988,1.5853537881868178,0.30721398038127556,0.13739026875416377,1.199490811876169,0.15099544511533095,0.07549772255766547,0.8540802823072688,0.12953688831595223,0.07478815733920151,0.6995835598163871,0.18125778395196554,0.09062889197598277,0.6190739671153819,0.13139962172625191,0.07586360697506654,0.5495669128604223,0.07999025127199813,0.04618239310443393,0.5804662573585986,0.09038321011425486,0.05218277068968755,0.611752667206299,0.12927605783972165,0.06463802891986083,1.9246206847611442,0.7820137495055819,0.39100687475279094
9.583480555555555,1.5215785952780017,0.3712650098705603,0.2143499533894571,1.7069581914011227,0.5088831500360803,0.25444157501804016,1.5893067960117446,0.3110399596414168,0.1391012986953998,1.1999849378542846,0.14017481079936173,0.07008740539968086,0.8468989847586522,0.11109738142086607,0.06414210306959955,0.7091201911940226,0.18272623671111127,0.09136311835555563,0.6088949719661958,0.1281226006527834,0.07397161797615943,0.5596800245458596,0.0755183150107961,0.04360051950023009,0.580499199090473,0.08750417220874894,0.050520557379936576,0.6102949955708573,0.13773250885944036,0.06886625442972018,1.940185653071793,0.794416228027113,0.3972081140135565
9.666813888888889,1.5103784064407098,0.3457714571348755,0.19963124385490952,1.7121465141713388,0.5022514492691752,0.2511257246345876,1.5770524717544716,0.3151047212605629,0.14091911535394835,1.2096203944275434,0.13279645237944235,0.06639822618972117,0.8443295296724499,0.12741570196347693,0.07356348982759854,0.7048212951844149,0.17469674702255453,0.08734837351127726,0.6195022096297489,0.14366142695175727,0.08294296352276281,0.5540469883953391,0.07017635059216076,0.04051633490512957,0.5816192179742022,0.08846386022186761,0.051074633512648696,0.608318491658394,0.12722838486373017,0.06361419243186509,1.9532799914918622,0.8089691920630959,0.40448459603154796
9.750147222222221,1.5222374299154895,0.3840300986605512,0.2217198808385878,1.7076993803682963,0.4930991055828683,0.24654955279143415,1.5889114952292516,0.29485487088513324,0.1318631069592163,1.2172793470883387,0.11897496032664369,0.059487480163321844,0.8575721058859541,0.12494335987528904,0.07213608245745441,0.7038330432281833,0.1762199834578762,0.0881099917289381,0.6102126412411714,0.12381895221839676,0.07148690539406878,0.5606353347702168,0.07276252925445159,0.042009465851975646,0.5749649881355757,0.09094941330805685,0.05250966825604516,0.6090843869244735,0.1266373161244121,0.06331865806220605,1.968103770835337,0.8179377629908119,0.40896888149540594
9.833477777777777,1.5301434455653429,0.39695552352289054,0.2291823783622497,1.7099229472698174,0.5122434275171478,0.2561217137585739,1.6013634698777703,0.3092428130061854,0.13829759028701732,1.2293854335521763,0.10757278777348954,0.05378639388674477,0.8401788714562771,0.11817908175954292,0.0682307246664549,0.717125032039499,0.17685904745219064,0.08842952372609532,0.6175257057172855,0.1407942530266419,0.08128759988528399,0.557176452923406,0.07898804298285302,0.04560376787891192,0.5803674321629754,0.0967326706815272,0.05584863345741115,0.609850282190553,0.12660699423028549,0.06330349711514274,1.976256849474248,0.8027442652122332,0.4013721326061166
9.91681111111111,1.524213933827953,0.3955580560522703,0.22837555014190333,1.6923814750467059,0.4928953897497535,0.24644769487487675,1.593259803836671,0.31352626231439895,0.1402132070532853,1.2545858584360836,0.08518288551773948,0.04259144275886974,0.8491060807942364,0.11973360698712375,0.06912823022506076,0.7112943454977323,0.17678862603829143,0.08839431301914571,0.6042501877719071,0.13613565573648934,0.07859795748576834,0.5516422419685086,0.07446575216294969,0.04299282205668696,0.5764803078017976,0.09013282244600809,0.05203820930202352,0.6053784420886048,0.12728274377081106,0.06364137188540553,1.9831746131678694,0.8195123168275966,0.4097561584137983
10.000141666666668,1.5337670360715254,0.38839810632211264,0.22424175123781262,1.7193113408540186,0.49943622827127715,0.24971811413563857,1.5924692022716855,0.3041935198490736,0.13603947773949202,1.2691625747905004,0.09494207744984903,0.047471038724924516,0.8482825374973766,0.10655548412936788,0.06151983744572145,0.7160379548876442,0.18006145001325805,0.09003072500662902,0.6092573310168141,0.14086411098901758,0.08132793239866662,0.5488421947591857,0.07438631841210327,0.042946960959253044,0.5778968022723964,0.08764688058553188,0.05060295009968782,0.6094055688102489,0.12569874693600203,0.06284937346800101,1.9915747547958387,0.8225844142352245,0.4112922071176123
10.083475,1.5357435399839885,0.3932410877710903,0.22703784788106024,1.6992992387403272,0.49475443612268233,0.24737721806134116,1.5881208936642666,0.30903935981606606,0.1382066032543481,1.2627389370749946,0.09882972500750198,0.04941486250375099,0.8500613910185936,0.12525781991846205,0.07231763604802974,0.7200156690114766,0.1793215308141441,0.08966076540707205,0.6101467577774226,0.14078942040357886,0.08128480976905765,0.5594164906908644,0.07846038019812583,0.045299121628108334,0.576941492048039,0.08110725352257243,0.04682729465448842,0.6063419877459307,0.12178740935697718,0.06089370467848859,1.9962689515879393,0.8220692186686451,0.41103460933432256
10.166808333333334,1.5482613980962565,0.4116094113816007,0.23764280446215058,1.7128877031385126,0.49174605377301966,0.24587302688650983,1.5926668526629317,0.3122802687406414,0.13965598178719535,1.2632330630531106,0.0996824916727326,0.0498412458363663,0.8476237028598886,0.12444646878679175,0.07184920225375258,0.7127273108342682,0.18271377390810703,0.09135688695405352,0.6070831767131045,0.1378334457192942,0.07957817698936819,0.5478210010710797,0.07922220785929242,0.04573896303335897,0.582113343952318,0.09283975371549888,0.05360105679914184,0.6061690436535903,0.11857890705502774,0.05928945352751387,2.015292801745398,0.8231509497276845,0.41157547486384227
10.25013888888889,1.5482613980962565,0.4259369752903333,0.24591482734168893,1.711405325204165,0.4913625928138456,0.2456812964069228,1.5989916651828147,0.3121163471697189,0.13958267383208312,1.2676801968561529,0.09274618685669472,0.04637309342834736,0.8418918415137453,0.13299723581728642,0.07678598990058647,0.7147038147467314,0.17147040055063126,0.08573520027531563,0.5975959579332805,0.13732179661215066,0.07928277623962823,0.5526304939247404,0.0690863045178779,0.039886996510713264,0.5826074699304338,0.0968267224620211,0.05590293427819707,0.6054278546864165,0.11881036601782778,0.05940518300891389,2.019986998537499,0.8531604570363279,0.42658022851816396
10.333472222222222,1.5588027522960608,0.4122921940675196,0.2380370092296639,1.703252246565254,0.49854315657002385,0.24927157828501192,1.5952363077491343,0.30916605990669377,0.1382632652574279,1.2787980313637588,0.10658164862422866,0.05329082431211433,0.8518731862716847,0.12853245366339067,0.07420824672216171,0.7144320454587678,0.1698447655447513,0.08492238277237565,0.6067208176624862,0.14959733420632104,0.08637006117406987,0.5575388119740242,0.07702289760443831,0.04446919066568744,0.5801038983079803,0.08475958822523608,0.04893597107824189,0.6034760570728589,0.12413138268089,0.062065691340445,2.038022596738726,0.8615442691534284,0.4307721345767142
10.416805555555555,1.5485908154150003,0.41605759464635644,0.2402109642674621,1.711158262215107,0.49180439110958124,0.24590219555479062,1.5958292589228733,0.3074928135749604,0.1375149667492563,1.2644683779984003,0.10486497305192899,0.052432486525964495,0.8520049531991823,0.12575304543210256,0.07260355463163966,0.7151485281270357,0.175939816263272,0.087969908131636,0.5965418225133002,0.13842352877562175,0.07991886160078313,0.545383312912375,0.07519541099527256,0.04341409077994516,0.5838263140097862,0.09378091039473375,0.05414443386124771,0.6057737428710975,0.12844767496883933,0.06422383748441966,2.0311048330451045,0.8563096752481208,0.4281548376240604
10.500136111111111,1.5574850830210851,0.42054388236668283,0.24280112369045465,1.7007816166746748,0.49227447815390585,0.24613723907695292,1.594445706184149,0.3086097411026033,0.13801447192480637,1.266939007888979,0.10120459207312398,0.05060229603656199,0.8507531673879557,0.12306139117960171,0.07104952732439289,0.725401642172939,0.18134168253713032,0.09067084126856516,0.587713438370964,0.13758004189055761,0.07943187422063343,0.5563529096265462,0.06935855635356035,0.0400441811813319,0.5822451108798156,0.08948905674824453,0.05166653100312468,0.5966818248737663,0.1102005180200829,0.05510025901004145,2.0372814077715526,0.8493500951967546,0.4246750475983773
10.583469444444443,1.5732971143207914,0.45856168663354746,0.2647507132179275,1.7198054668321343,0.492731481015918,0.246365740507959,1.5940504054016564,0.29622017843256,0.13247369105646425,1.2738567715826006,0.10749104667198262,0.05374552333599131,0.8498307988954729,0.1285658569868402,0.07422753213994712,0.7219921729239399,0.1779101916559292,0.0889550958279646,0.599243044527,0.12634384167667329,0.07294465100247878,0.5467668656510992,0.07655504691832923,0.04419907694612182,0.5855063423353801,0.09236542063154007,0.05332720046543268,0.5996959933402728,0.11728366080588061,0.058641830402940305,2.054081691027491,0.8613289064956104,0.4306644532478052
10.666813888888889,1.5686852718583773,0.4468356203184805,0.25798066567438815,1.7049816874886592,0.4838852528030214,0.2419426264015107,1.5853537881868176,0.29586669252424114,0.1323156073524464,1.2820098502215118,0.10803293577414591,0.054016467887072955,0.8506214004604581,0.12482777592148665,0.07206935003061261,0.7313805665081407,0.17574499550796172,0.08787249775398086,0.5999018791644878,0.1290866770189885,0.07452822772570729,0.5406726452543373,0.06721944225696264,0.03880916308183389,0.5910405532902773,0.09395305336121619,0.05424382064928544,0.5967312374715779,0.11518093508287959,0.057590467541439795,2.047410990322927,0.8674759767018384,0.4337379883509192
10.750147222222221,1.5683558545396332,0.45439283318611834,0.26234382455784216,1.702758120587138,0.49182590384179053,0.24591295192089527,1.5950386573578879,0.28856534065799716,0.1290503435323331,1.2862099210354963,0.111966518870144,0.055983259435072,0.8535861563291531,0.13023201127538314,0.07518948676694884,0.7175450391208975,0.17689399689828086,0.08844699844914043,0.5911393784859004,0.14616685203712457,0.08438947137023407,0.5488092530273113,0.06965980006693478,0.040218104320340314,0.5740096779112185,0.0888201215879729,0.051280321108271444,0.6072314145065392,0.11928340301320327,0.059641701506601634,2.047163927333869,0.8791590345358862,0.4395795172679431
10.833480555555555,1.557485083021085,0.45913956158846575,0.26508434947870746,1.7030051835761963,0.4783489120975215,0.23917445604876075,1.6076882823976533,0.2856478985188928,0.12774562374364115,1.2862099210354963,0.1035403228437388,0.0517701614218694,0.8529932051554141,0.12820855603254708,0.07402124433780428,0.7288852303186557,0.17570690867062774,0.08785345433531387,0.6003630634107292,0.1504050324130404,0.08683638595114326,0.549039845150432,0.07131382058137864,0.041173053509599634,0.5892946415009347,0.09196994682714552,0.05309887355800803,0.6034266444750473,0.12064625861856351,0.060323129309281756,2.041481478585537,0.8660735435551814,0.4330367717775907
10.91681111111111,1.5640734293959628,0.46200999152047495,0.26674159297264294,1.7121465141713388,0.48818879769641343,0.24409439884820672,1.595236307749134,0.2926872969728584,0.13089373843639596,1.2921394327728863,0.0993000627514915,0.04965003137574575,0.8468001595630291,0.13142046853905123,0.07587564288804798,0.7258710618521491,0.17504850113207177,0.08752425056603588,0.5908758446309054,0.13874339486093207,0.08010353637124168,0.5478868845348284,0.0756960357778574,0.04370312663293351,0.5762167739468024,0.09643690177693673,0.055677871200727924,0.6018207350461708,0.11789425774957069,0.05894712887478534,2.062975958633576,0.875933410877216,0.437966705438608
11.000144444444443,1.5709911930895843,0.4677161010945143,0.27003601687124007,1.7076993803682965,0.4831874995218063,0.24159374976090314,1.595829258922873,0.29594425474385655,0.13235029423155556,1.290657054838539,0.10785688463689894,0.05392844231844947,0.8536190980610274,0.1395481166742437,0.0805681427267799,0.7327394129479591,0.17613406804354567,0.08806703402177284,0.588899340718442,0.1438226808633166,0.08303606351200948,0.5511481159903929,0.07825439278154335,0.045180194737694766,0.5826404116623082,0.08890820867065127,0.05133117820916794,0.6017466161494535,0.11885438032406721,0.05942719016203361,2.0530934390712594,0.8637847867686185,0.43189239338430924
11.083475,1.5900973975767299,0.47747605734427956,0.275670930239321,1.7106641362369914,0.4774467386718716,0.2387233693359358,1.5916786007067003,0.2787996966237367,0.12468301475139877,1.2829981021777435,0.09812227217365972,0.04906113608682986,0.8523673122498008,0.12564596662214125,0.07254173265188399,0.7296758318836409,0.18198032099311293,0.09099016049655646,0.5885040399359495,0.14411441462610303,0.08320449607848593,0.5425832657030519,0.07825990474041401,0.0451833770686325,0.5827392368579314,0.08913272980885233,0.051460805548747074,0.599201867362157,0.11742549791214524,0.05871274895607262,2.059270013797707,0.8794899687938037,0.43974498439690185
11.166808333333334,1.5785677914206937,0.4750247993864306,0.2742556957975037,1.714864207050976,0.4845730158354044,0.2422865079177022,1.5974104620528438,0.2750099404241161,0.12298818425529817,1.2896688028823071,0.10379625554932656,0.05189812777466328,0.8538826319160226,0.12809233490383562,0.07395414403785719,0.7330111822359229,0.17670642073727214,0.08835321036863607,0.5918970383190114,0.1384911036061701,0.07995787594739066,0.5427479743624238,0.06392798644678502,0.03690884018380208,0.5802686069673523,0.09728678389547388,0.0561685508706448,0.5934947123149192,0.11623418555305134,0.05811709277652567,2.059022950808649,0.8799544365153308,0.4399772182576654
11.250141666666668,1.5686852718583773,0.47719097622037815,0.2755063385756956,1.7190642778649603,0.4877244512439536,0.2438622256219768,1.5964222100966121,0.2752575319245066,0.12309891054040303,1.3032572672804925,0.096954098313357,0.0484770491566785,0.8452518981649328,0.12561203303972152,0.07252214108893938,0.7370877215553784,0.1779208981891695,0.08896044909458475,0.5912052619496492,0.1438802988588763,0.08306932927725603,0.5484798357085675,0.07082588797228016,0.04089134548639023,0.5826404116623082,0.08863779020144097,0.05117505203317552,0.5971759508518821,0.11183654537722211,0.055918272688611055,2.0716231632506026,0.8788589989171113,0.43942949945855564
11.333472222222222,1.5871326417080347,0.48923662376448923,0.28246089642785155,1.703005183576196,0.47239916559212847,0.23619958279606423,1.5958292589228733,0.2816478198144594,0.12595673416394867,1.2970806925540446,0.10813270884078542,0.05406635442039271,0.8585274161103115,0.12330146566151975,0.07118813439115383,0.7356794625177484,0.18066214118160429,0.09033107059080214,0.592720581615871,0.14689800500232916,0.08481160273151374,0.5413644216236996,0.0693833815116146,0.0400585139930172,0.5797744809892365,0.0925589804132426,0.05343895225750292,0.5948288524558318,0.10541367582374374,0.05270683791187187,2.0689054703709653,0.9027418821746775,0.4513709410873388
11.416805555555555,1.5943798227204002,0.5066074233824034,0.29248993226329334,1.698310986784096,0.46797843315108195,0.23398921657554098,1.5964222100966121,0.27899404669563505,0.1247699307458381,1.290409991849481,0.10487079372062096,0.05243539686031048,0.8616239389065039,0.11772637584922528,0.06796935478726927,0.7314793917037639,0.18418380185880212,0.09209190092940106,0.5875816714434666,0.13979589221731897,0.08071119600327302,0.5486116026360651,0.0763187344215956,0.044062641862519784,0.5796756557936132,0.08608351500676992,0.0497003405619478,0.5949523839503608,0.11505308261331627,0.05752654130665814,2.0842233756925563,0.9068976646969908,0.4534488323484954
11.50013888888889,1.594709240039144,0.5003916299292228,0.2889012422398724,1.7049816874886594,0.4620535886066903,0.23102679430334516,1.5993869659653073,0.28391620461707867,0.1269711866875055,1.3077044010835348,0.08003163081454723,0.040015815407273614,0.847722528055512,0.1234075846490896,0.07124940221719342,0.734172378284495,0.1742805977882242,0.0871402988941121,0.5863628273641143,0.14101584368527553,0.08141553531169603,0.5450209538617566,0.06242678956738678,0.03604212376137488,0.5837933722779117,0.1037208132244407,0.05988323943569773,0.6022654484264751,0.11210350748240835,0.05605175374120418,2.084470438681614,0.8899099120385764,0.4449549560192882
11.583469444444443,1.6016270037327658,0.5109409160906704,0.29499187544494254,1.7032522465652538,0.4728903504011782,0.2364451752005891,1.5958292589228733,0.27680882606721036,0.12379267037163962,1.3059749601601292,0.09009367942249416,0.04504683971124708,0.842287142296238,0.12235549026594837,0.07064197524187393,0.7348641546538571,0.182400579570762,0.091200289785381,0.5837274888141629,0.14834620895115125,0.08564772367120765,0.5465033317961042,0.06743594129926313,0.03893415886218537,0.5827392368579314,0.08672046529694472,0.050068083983440634,0.5973736012431285,0.1147932638282474,0.0573966319141237,2.0874351945503093,0.9116595728836685,0.45582978644183425
11.666802777777777,1.5970151612703514,0.5069222009239975,0.29267166916166754,1.711405325204165,0.4770042683466713,0.23850213417333566,1.5900973975767299,0.28395696444687546,0.12698941503754088,1.3052337711929558,0.10206422965540012,0.05103211482770006,0.8557273689009883,0.12292706352601092,0.07097197321743264,0.7375571412345885,0.1918439024528782,0.0959219512264391,0.5820474604885691,0.14117362811733988,0.0815066321960223,0.5450868373255054,0.06773429692289563,0.03910641456180384,0.5778309188086475,0.08336466139619259,0.04813060969799379,0.5883805084414204,0.10614345504275707,0.05307172752137854,2.0918823283533516,0.918892723341053,0.4594463616705265
11.750147222222221,1.5966857439516076,0.5073202109650418,0.2929014603660046,1.700287490696559,0.47593164935253224,0.23796582467626612,1.5900973975767299,0.2702458050170865,0.12085759813047182,1.3067161491273032,0.11114613071555413,0.05557306535777706,0.8564850287340993,0.1276244024157443,0.0736839830898951,0.7286875799274093,0.18917599143877073,0.09458799571938536,0.5841886730604046,0.15525527348859275,0.089636673941748,0.5427809160942982,0.06039734258745433,0.034870422001204805,0.5847816242341435,0.09327351763392053,0.053851490514207324,0.5890969911096884,0.10804964382932927,0.054024821914664636,2.0980589030797994,0.9140256809681051,0.45701284048405255
11.833480555555555,1.5950386573578879,0.4911910478593499,0.28358928370513004,1.6990521757512695,0.473018981447401,0.2365094907237005,1.5910856495329613,0.2724315083687979,0.12183507438508699,1.3067161491273032,0.10127332622253318,0.05063666311126659,0.8553979515822444,0.12188133185091717,0.07036821975331714,0.7392124632612764,0.1883688247978877,0.09418441239894385,0.5820145187566949,0.15734933661050382,0.09084568184888342,0.5528610860478611,0.06525736298233346,0.03767635608445535,0.5805980242860961,0.10007596758727824,0.057778886825927356,0.5939147193963177,0.10455987083410886,0.05227993541705443,2.0884234465065408,0.8974225180364924,0.4487112590182462
11.916813888888889,1.614474279163777,0.5347204159631495,0.30872097609751303,1.6822518924953314,0.46464406227325444,0.23232203113662722,1.5930621534454248,0.2705365677314278,0.12098763116938972,1.2936218107072337,0.10034853951386086,0.05017426975693043,0.8438683454262085,0.1326814651461846,0.07660367961862363,0.7386442183864432,0.19178587534882371,0.09589293767441186,0.5706825629919053,0.14657000390646965,0.08462223121052476,0.5495010293966734,0.0750004673966548,0.0433015400408064,0.5818827518291972,0.09473048399621739,0.05469267043567965,0.5922346910707238,0.11220121316075445,0.05610060658037722,2.109917926554579,0.9083453044500605,0.4541726522250302
12,1.6108506886575942,0.5198505890047054,0.30013587750025217,1.7074523173792384,0.4609778730588287,0.23048893652941435,1.5914809503154541,0.2807936684495667,0.1255747460609538,1.3081985270616507,0.10098037925169709,0.050490189625848544,0.8517743610760617,0.1322053238513022,0.07632877931385099,0.733357070420604,0.18180074832555213,0.09090037416277606,0.5718355236075088,0.14946311390559208,0.08629256904731329,0.5436044593911579,0.07145829331472622,0.041256464881088424,0.579313296742995,0.0941022936461263,0.05432998456795223,0.5923582225652527,0.11239847321910412,0.05619923660955206,2.097070651123568,0.9170303675465448,0.4585151837732724